S.No,timestamp,No_of_availability
2838,2016-07-01 00:00:02,5497
2839,2016-07-01 00:15:02,5500
2840,2016-07-01 00:30:03,5497
2841,2016-07-01 00:45:03,5498
2842,2016-07-01 01:00:03,5499
2843,2016-07-01 01:15:02,5498
2844,2016-07-01 01:30:02,5500
2845,2016-07-01 01:45:02,5499
2846,2016-07-01 02:00:03,5496
2847,2016-07-01 02:15:02,5495
2848,2016-07-01 02:30:03,5495
2849,2016-07-01 02:45:02,5494
2850,2016-07-01 03:00:02,5492
2851,2016-07-01 03:15:02,5491
2852,2016-07-01 03:30:03,5492
2853,2016-07-01 03:45:02,5492
2854,2016-07-01 04:00:03,5492
2855,2016-07-01 04:15:02,5493
2856,2016-07-01 04:30:02,5492
2857,2016-07-01 04:45:02,5493
2858,2016-07-01 05:00:03,5493
2859,2016-07-01 05:15:03,5491
2860,2016-07-01 05:30:02,5492
2861,2016-07-01 05:45:02,5491
2862,2016-07-01 06:00:02,5482
2863,2016-07-01 06:15:03,5473
2864,2016-07-01 06:30:02,5432
2865,2016-07-01 06:45:02,5369
2866,2016-07-01 07:00:03,5261
2867,2016-07-01 07:15:04,5102
2868,2016-07-01 07:30:03,4920
2869,2016-07-01 07:45:03,4677
2870,2016-07-01 08:00:02,4397
2871,2016-07-01 08:15:02,4084
2872,2016-07-01 08:30:03,3774
2873,2016-07-01 08:45:02,3450
2874,2016-07-01 09:00:02,3114
2875,2016-07-01 09:15:04,2844
2876,2016-07-01 09:30:03,2562
2877,2016-07-01 09:45:03,3007
2878,2016-07-01 10:00:03,2842
2879,2016-07-01 10:15:02,2699
2880,2016-07-01 10:30:02,2574
2881,2016-07-01 10:45:03,2446
2882,2016-07-01 11:00:02,2339
2883,2016-07-01 11:15:04,2242
2884,2016-07-01 11:30:02,2153
2885,2016-07-01 11:45:05,2074
2886,2016-07-01 12:00:04,2009
2887,2016-07-01 12:15:03,1999
2888,2016-07-01 12:30:03,2035
2889,2016-07-01 12:45:03,1996
2890,2016-07-01 13:00:03,1965
2891,2016-07-01 13:15:03,1988
2892,2016-07-01 13:30:02,1966
2893,2016-07-01 13:45:02,1947
2894,2016-07-01 14:00:03,1964
2895,2016-07-01 14:15:02,2020
2896,2016-07-01 14:30:02,2019
2897,2016-07-01 14:45:02,2065
2898,2016-07-01 15:00:03,2138
2899,2016-07-01 15:15:03,2176
2900,2016-07-01 15:30:03,2221
2901,2016-07-01 15:45:03,2250
2902,2016-07-01 16:00:02,2245
2903,2016-07-01 16:15:02,2338
2904,2016-07-01 16:30:03,2595
2905,2016-07-01 16:45:02,2827
2906,2016-07-01 17:00:02,2993
2907,2016-07-01 17:15:03,3143
2908,2016-07-01 17:30:02,3271
2909,2016-07-01 17:45:02,3323
2910,2016-07-01 18:00:02,3364
2911,2016-07-01 18:15:03,3476
2912,2016-07-01 18:30:02,3518
2913,2016-07-01 18:45:02,3514
2914,2016-07-01 19:00:02,3571
2915,2016-07-01 19:15:02,3544
2916,2016-07-01 19:30:02,3524
2917,2016-07-01 19:45:02,3517
2918,2016-07-01 20:00:02,3551
2919,2016-07-01 20:15:02,3603
2920,2016-07-01 20:30:02,3629
2921,2016-07-01 20:45:02,3656
2922,2016-07-01 21:00:02,3759
2923,2016-07-01 21:15:03,3887
2924,2016-07-01 21:30:02,4065
2925,2016-07-01 21:45:03,4310
2926,2016-07-01 22:00:03,4594
2927,2016-07-01 22:15:02,4924
2928,2016-07-01 22:30:02,5258
2929,2016-07-01 22:45:03,5406
2930,2016-07-01 23:00:03,5496
2931,2016-07-01 23:15:02,5500
2932,2016-07-01 23:30:02,5500
2933,2016-07-01 23:45:02,5500
2934,2016-07-02 00:00:03,5496
2935,2016-07-02 00:15:02,5500
2936,2016-07-02 00:30:03,5499
2937,2016-07-02 00:45:02,5499
2938,2016-07-02 01:00:02,5497
2939,2016-07-02 01:15:03,5496
2940,2016-07-02 01:30:02,5496
2941,2016-07-02 01:45:02,5497
2942,2016-07-02 02:00:02,5497
2943,2016-07-02 02:15:02,5499
2944,2016-07-02 02:30:02,5497
2945,2016-07-02 02:45:03,5500
2946,2016-07-02 03:00:03,5497
2947,2016-07-02 03:15:03,5500
2948,2016-07-02 03:30:03,5498
2949,2016-07-02 03:45:02,5498
2950,2016-07-02 04:00:03,5499
2951,2016-07-02 04:15:02,5500
2952,2016-07-02 04:30:02,5500
2953,2016-07-02 04:45:02,5499
2954,2016-07-02 05:00:02,5499
2955,2016-07-02 05:15:02,5499
2956,2016-07-02 05:30:02,5499
2957,2016-07-02 05:45:03,5499
2958,2016-07-02 06:00:02,5499
2959,2016-07-02 06:15:03,5498
2960,2016-07-02 06:30:02,5496
2961,2016-07-02 06:45:03,5496
2962,2016-07-02 07:00:02,5497
2963,2016-07-02 07:15:02,5493
2964,2016-07-02 07:30:02,5489
2965,2016-07-02 07:45:02,5479
2966,2016-07-02 08:00:02,5472
2967,2016-07-02 08:15:02,5461
2968,2016-07-02 08:30:03,5439
2969,2016-07-02 08:45:03,5420
2970,2016-07-02 09:00:03,5391
2971,2016-07-02 09:15:03,5342
2972,2016-07-02 09:30:03,5280
2973,2016-07-02 09:45:02,5148
2974,2016-07-02 10:00:02,4988
2975,2016-07-02 10:15:02,4816
2976,2016-07-02 10:30:02,4618
2977,2016-07-02 10:45:02,4394
2978,2016-07-02 11:00:02,4163
2979,2016-07-02 11:15:02,3955
2980,2016-07-02 11:30:02,3727
2981,2016-07-02 11:45:03,3554
2982,2016-07-02 12:00:02,3344
2983,2016-07-02 12:15:03,3155
2984,2016-07-02 12:30:02,2958
2985,2016-07-02 12:45:02,2792
2986,2016-07-02 13:00:02,2687
2987,2016-07-02 13:15:02,2566
2988,2016-07-02 13:30:03,2457
2989,2016-07-02 13:45:03,2369
2990,2016-07-02 14:00:03,2318
2991,2016-07-02 14:15:03,2275
2992,2016-07-02 14:30:02,2220
2993,2016-07-02 14:45:02,2130
2994,2016-07-02 15:00:03,2042
2995,2016-07-02 15:15:03,1946
2996,2016-07-02 15:30:02,1879
2997,2016-07-02 15:45:02,1863
2998,2016-07-02 16:00:02,1880
2999,2016-07-02 16:15:02,1937
3000,2016-07-02 16:30:03,1959
3001,2016-07-02 16:45:03,2010
3002,2016-07-02 17:00:02,2039
3003,2016-07-02 17:15:02,2151
3004,2016-07-02 17:30:02,2267
3005,2016-07-02 17:45:02,2269
3006,2016-07-02 18:00:03,2302
3007,2016-07-02 18:15:02,2336
3008,2016-07-02 18:30:02,2322
3009,2016-07-02 18:45:02,2350
3010,2016-07-02 19:00:03,2368
3011,2016-07-02 19:15:03,2354
3012,2016-07-02 19:30:02,2374
3013,2016-07-02 19:45:03,2322
3014,2016-07-02 20:00:02,2300
3015,2016-07-02 20:15:02,2317
3016,2016-07-02 20:30:02,2385
3017,2016-07-02 20:45:02,2420
3018,2016-07-02 21:00:02,2484
3019,2016-07-02 21:15:02,2651
3020,2016-07-02 21:30:02,2882
3021,2016-07-02 21:45:02,3155
3022,2016-07-02 22:00:02,3520
3023,2016-07-02 22:15:02,3939
3024,2016-07-02 22:30:03,4544
3025,2016-07-02 22:45:03,4900
3026,2016-07-02 23:00:03,5055
3027,2016-07-02 23:15:03,5145
3028,2016-07-02 23:30:03,5205
3029,2016-07-02 23:45:03,5223
3030,2016-07-03 00:00:03,5224
3031,2016-07-03 00:15:02,5227
3032,2016-07-03 00:30:03,5230
3033,2016-07-03 00:45:02,5237
3034,2016-07-03 01:00:02,5239
3035,2016-07-03 01:15:02,5239
3036,2016-07-03 01:30:03,5238
3037,2016-07-03 01:45:03,5242
3038,2016-07-03 02:00:03,5243
3039,2016-07-03 02:15:02,5242
3040,2016-07-03 02:30:02,5242
3041,2016-07-03 02:45:02,5243
3042,2016-07-03 03:00:03,5245
3043,2016-07-03 03:15:02,5247
3044,2016-07-03 03:30:02,5247
3045,2016-07-03 03:45:02,5247
3046,2016-07-03 04:00:03,5246
3047,2016-07-03 04:15:03,5247
3048,2016-07-03 04:30:02,5247
3049,2016-07-03 04:45:02,5247
3050,2016-07-03 05:00:02,5246
3051,2016-07-03 05:15:02,5246
3052,2016-07-03 05:30:02,5247
3053,2016-07-03 05:45:02,5246
3054,2016-07-03 06:00:02,5245
3055,2016-07-03 06:15:02,5246
3056,2016-07-03 06:30:02,5245
3057,2016-07-03 06:45:02,5245
3058,2016-07-03 07:00:02,5245
3059,2016-07-03 07:15:02,5241
3060,2016-07-03 07:30:02,5240
3061,2016-07-03 07:45:02,5236
3062,2016-07-03 08:00:02,5226
3063,2016-07-03 08:15:03,5214
3064,2016-07-03 08:30:02,5199
3065,2016-07-03 08:45:02,5183
3066,2016-07-03 09:00:02,5146
3067,2016-07-03 09:15:02,5094
3068,2016-07-03 09:30:03,5020
3069,2016-07-03 09:45:02,4881
3070,2016-07-03 10:00:03,4647
3071,2016-07-03 10:15:02,4387
3072,2016-07-03 10:30:02,4082
3073,2016-07-03 10:45:02,3767
3074,2016-07-03 11:00:03,3448
3075,2016-07-03 11:15:02,3127
3076,2016-07-03 11:30:02,2773
3077,2016-07-03 11:45:02,2457
3078,2016-07-03 12:00:02,2152
3079,2016-07-03 12:15:02,1877
3080,2016-07-03 12:30:02,1659
3081,2016-07-03 12:45:02,1425
3082,2016-07-03 13:00:03,1248
3083,2016-07-03 13:15:03,1066
3084,2016-07-03 13:30:02,0956
3085,2016-07-03 13:45:02,0816
3086,2016-07-03 14:00:02,0724
3087,2016-07-03 14:15:02,0656
3088,2016-07-03 14:30:03,0549
3089,2016-07-03 14:45:02,0493
3090,2016-07-03 15:00:02,0383
3091,2016-07-03 15:15:03,0353
3092,2016-07-03 15:30:03,0372
3093,2016-07-03 15:45:02,0421
3094,2016-07-03 16:00:02,0411
3095,2016-07-03 16:15:03,0482
3096,2016-07-03 16:30:02,0596
3097,2016-07-03 16:45:02,0691
3098,2016-07-03 17:00:02,0815
3099,2016-07-03 17:15:02,0996
3100,2016-07-03 17:30:03,1116
3101,2016-07-03 17:45:02,1257
3102,2016-07-03 18:00:02,1399
3103,2016-07-03 18:15:02,1508
3104,2016-07-03 18:30:02,1606
3105,2016-07-03 18:45:02,1741
3106,2016-07-03 19:00:03,1813
3107,2016-07-03 19:15:03,1920
3108,2016-07-03 19:30:03,2035
3109,2016-07-03 19:45:02,2130
3110,2016-07-03 20:00:02,2229
3111,2016-07-03 20:15:03,2341
3112,2016-07-03 20:30:02,2422
3113,2016-07-03 20:45:02,2552
3114,2016-07-03 21:00:02,2705
3115,2016-07-03 21:15:02,2879
3116,2016-07-03 21:30:02,3118
3117,2016-07-03 21:45:02,3439
3118,2016-07-03 22:00:02,3820
3119,2016-07-03 22:15:02,4232
3120,2016-07-03 22:30:02,4654
3121,2016-07-03 22:45:02,4804
3122,2016-07-03 23:00:02,4838
3123,2016-07-03 23:15:02,4844
3124,2016-07-03 23:30:02,4846
3125,2016-07-03 23:45:03,4844
3126,2016-07-04 00:00:02,4847
3127,2016-07-04 00:15:02,4848
3128,2016-07-04 00:30:02,4849
3129,2016-07-04 00:45:02,4855
3130,2016-07-04 01:00:03,4856
3131,2016-07-04 01:15:02,4857
3132,2016-07-04 01:30:02,4857
3133,2016-07-04 01:45:02,4857
3134,2016-07-04 02:00:03,4840
3135,2016-07-04 02:15:02,4858
3136,2016-07-04 02:30:02,4858
3137,2016-07-04 02:45:02,4857
3138,2016-07-04 03:00:03,4858
3139,2016-07-04 03:15:02,4858
3140,2016-07-04 03:30:02,4858
3141,2016-07-04 03:45:02,4858
3142,2016-07-04 04:00:03,4858
3143,2016-07-04 04:15:03,4858
3144,2016-07-04 04:30:02,4858
3145,2016-07-04 04:45:02,4859
3146,2016-07-04 05:00:03,4858
3147,2016-07-04 05:15:02,4858
3148,2016-07-04 05:30:02,4858
3149,2016-07-04 05:45:02,4857
3150,2016-07-04 06:00:02,4854
3151,2016-07-04 06:15:02,4846
3152,2016-07-04 06:30:02,4824
3153,2016-07-04 06:45:02,4780
3154,2016-07-04 07:00:03,4690
3155,2016-07-04 07:15:02,4559
3156,2016-07-04 07:30:02,4425
3157,2016-07-04 07:45:03,4255
3158,2016-07-04 08:00:02,4105
3159,2016-07-04 08:15:02,3897
3160,2016-07-04 08:30:02,3695
3161,2016-07-04 08:45:03,3500
3162,2016-07-04 09:00:02,3296
3163,2016-07-04 09:15:02,3105
3164,2016-07-04 09:30:02,2920
3165,2016-07-04 09:45:03,2755
3166,2016-07-04 10:00:03,2575
3167,2016-07-04 10:15:03,2406
3168,2016-07-04 10:30:02,2221
3169,2016-07-04 10:45:02,2029
3170,2016-07-04 11:00:04,1889
3171,2016-07-04 11:15:03,1697
3172,2016-07-04 11:30:03,1562
3173,2016-07-04 11:45:03,1452
3174,2016-07-04 12:00:03,1354
3175,2016-07-04 12:15:02,1212
3176,2016-07-04 12:30:03,1085
3177,2016-07-04 12:45:03,0959
3178,2016-07-04 13:00:02,0832
3179,2016-07-04 13:15:02,0725
3180,2016-07-04 13:30:02,0683
3181,2016-07-04 13:45:02,0679
3182,2016-07-04 14:00:03,0693
3183,2016-07-04 14:15:02,0706
3184,2016-07-04 14:30:03,0661
3185,2016-07-04 14:45:03,0644
3186,2016-07-04 15:00:36,0627
3187,2016-07-04 15:15:03,0614
3188,2016-07-04 15:30:03,0642
3189,2016-07-04 15:45:04,0670
3190,2016-07-04 16:00:03,0767
3191,2016-07-04 16:15:03,0925
3192,2016-07-04 16:30:03,1119
3193,2016-07-04 16:45:03,1341
3194,2016-07-04 17:00:03,1532
3195,2016-07-04 17:15:02,1657
3196,2016-07-04 17:30:02,1748
3197,2016-07-04 17:45:03,1870
3198,2016-07-04 18:00:03,2013
3199,2016-07-04 18:15:02,2121
3200,2016-07-04 18:30:02,2173
3201,2016-07-04 18:45:02,2203
3202,2016-07-04 19:00:02,2307
3203,2016-07-04 19:15:02,2308
3204,2016-07-04 19:30:02,2337
3205,2016-07-04 19:45:02,2370
3206,2016-07-04 20:00:02,2437
3207,2016-07-04 20:15:02,2513
3208,2016-07-04 20:30:02,2564
3209,2016-07-04 20:45:02,2633
3210,2016-07-04 21:00:02,2755
3211,2016-07-04 21:15:03,2902
3212,2016-07-04 21:30:03,3109
3213,2016-07-04 21:45:03,3356
3214,2016-07-04 22:00:03,3659
3215,2016-07-04 22:15:03,4107
3216,2016-07-04 22:30:03,4477
3217,2016-07-04 22:45:02,4589
3218,2016-07-04 23:00:03,4669
3219,2016-07-04 23:15:03,4694
3220,2016-07-04 23:30:03,4728
3221,2016-07-04 23:45:02,4749
3222,2016-07-05 00:00:02,4768
3223,2016-07-05 00:15:02,4772
3224,2016-07-05 00:30:02,4770
3225,2016-07-05 00:45:02,4776
3226,2016-07-05 01:00:02,4776
3227,2016-07-05 01:15:02,4777
3228,2016-07-05 01:30:03,4777
3229,2016-07-05 01:45:02,4780
3230,2016-07-05 02:00:02,4778
3231,2016-07-05 02:15:03,4778
3232,2016-07-05 02:30:02,4778
3233,2016-07-05 02:45:02,4778
3234,2016-07-05 03:00:03,4778
3235,2016-07-05 03:15:03,4777
3236,2016-07-05 03:30:03,4775
3237,2016-07-05 03:45:02,4775
3238,2016-07-05 04:00:02,4775
3239,2016-07-05 04:15:02,4775
3240,2016-07-05 04:30:02,4776
3241,2016-07-05 04:45:02,4776
3242,2016-07-05 05:00:02,4776
3243,2016-07-05 05:15:02,4776
3244,2016-07-05 05:30:03,4776
3245,2016-07-05 05:45:03,4776
3246,2016-07-05 06:00:03,4772
3247,2016-07-05 06:15:02,4766
3248,2016-07-05 06:30:03,4742
3249,2016-07-05 06:45:03,4714
3250,2016-07-05 07:00:02,4659
3251,2016-07-05 07:15:03,4584
3252,2016-07-05 07:30:02,4491
3253,2016-07-05 07:45:02,4378
3254,2016-07-05 08:00:02,4253
3255,2016-07-05 08:15:03,4094
3256,2016-07-05 08:30:03,3930
3257,2016-07-05 08:45:02,3760
3258,2016-07-05 09:00:02,3599
3259,2016-07-05 09:15:03,3444
3260,2016-07-05 09:30:03,3284
3261,2016-07-05 09:45:03,3128
3262,2016-07-05 10:00:03,2961
3263,2016-07-05 10:15:05,2782
3264,2016-07-05 10:30:04,2605
3265,2016-07-05 10:45:04,2419
3266,2016-07-05 11:00:02,2319
3267,2016-07-05 11:15:03,2180
3268,2016-07-05 11:30:03,2084
3269,2016-07-05 11:45:05,1929
3270,2016-07-05 12:00:03,1790
3271,2016-07-05 12:15:02,1669
3272,2016-07-05 12:30:04,1567
3273,2016-07-05 12:45:03,1508
3274,2016-07-05 13:00:02,1444
3275,2016-07-05 13:15:03,1433
3276,2016-07-05 13:30:03,1422
3277,2016-07-05 13:45:02,1414
3278,2016-07-05 14:00:03,1451
3279,2016-07-05 14:15:03,1502
3280,2016-07-05 14:30:03,1546
3281,2016-07-05 14:45:04,1579
3282,2016-07-05 15:00:03,1583
3283,2016-07-05 15:15:04,1669
3284,2016-07-05 15:30:03,1741
3285,2016-07-05 15:45:02,1818
3286,2016-07-05 16:00:03,1868
3287,2016-07-05 16:15:03,1951
3288,2016-07-05 16:30:03,2060
3289,2016-07-05 16:45:03,2175
3290,2016-07-05 17:00:03,2271
3291,2016-07-05 17:15:03,2389
3292,2016-07-05 17:30:03,2477
3293,2016-07-05 17:45:03,2562
3294,2016-07-05 18:00:05,2649
3295,2016-07-05 18:15:02,2721
3296,2016-07-05 18:30:02,2783
3297,2016-07-05 18:45:02,2843
3298,2016-07-05 19:00:02,2878
3299,2016-07-05 19:15:02,2905
3300,2016-07-05 19:30:03,2930
3301,2016-07-05 19:45:03,2964
3302,2016-07-05 20:00:02,3000
3303,2016-07-05 20:15:02,3059
3304,2016-07-05 20:30:02,3136
3305,2016-07-05 20:45:02,3221
3306,2016-07-05 21:00:03,3281
3307,2016-07-05 21:15:03,3420
3308,2016-07-05 21:30:02,3571
3309,2016-07-05 21:45:02,3742
3310,2016-07-05 22:00:02,3936
3311,2016-07-05 22:15:02,4215
3312,2016-07-05 22:30:02,4417
3313,2016-07-05 22:45:02,4494
3314,2016-07-05 23:00:03,4501
3315,2016-07-05 23:15:02,4505
3316,2016-07-05 23:30:02,4505
3317,2016-07-05 23:45:02,4507
3318,2016-07-06 00:00:03,4509
3319,2016-07-06 00:15:03,4512
3320,2016-07-06 00:30:02,4513
3321,2016-07-06 00:45:02,4515
3322,2016-07-06 01:00:02,4516
3323,2016-07-06 01:15:03,4515
3324,2016-07-06 01:30:02,4514
3325,2016-07-06 01:45:02,4515
3326,2016-07-06 02:00:02,4520
3327,2016-07-06 02:15:03,4520
3328,2016-07-06 02:30:02,4520
3329,2016-07-06 02:45:02,4519
3330,2016-07-06 03:00:02,4519
3331,2016-07-06 03:15:02,4520
3332,2016-07-06 03:30:03,4520
3333,2016-07-06 03:45:03,4520
3334,2016-07-06 04:00:02,4520
3335,2016-07-06 04:15:02,4520
3336,2016-07-06 04:30:02,4520
3337,2016-07-06 04:45:02,4520
3338,2016-07-06 05:00:02,4520
3339,2016-07-06 05:15:03,4519
3340,2016-07-06 05:30:02,4519
3341,2016-07-06 05:45:03,4518
3342,2016-07-06 06:00:03,4518
3343,2016-07-06 06:15:02,4518
3344,2016-07-06 06:30:02,4515
3345,2016-07-06 06:45:02,4512
3346,2016-07-06 07:00:03,4511
3347,2016-07-06 07:15:03,4510
3348,2016-07-06 07:30:02,4508
3349,2016-07-06 07:45:02,4507
3350,2016-07-06 08:00:02,4502
3351,2016-07-06 08:15:02,4492
3352,2016-07-06 08:30:02,4473
3353,2016-07-06 08:45:02,4446
3354,2016-07-06 09:00:03,4417
3355,2016-07-06 09:15:03,4378
3356,2016-07-06 09:30:02,4296
3357,2016-07-06 09:45:02,4156
3358,2016-07-06 10:00:02,3932
3359,2016-07-06 10:15:02,3682
3360,2016-07-06 10:30:02,3381
3361,2016-07-06 10:45:02,3036
3362,2016-07-06 11:00:02,2598
3363,2016-07-06 11:15:02,2204
3364,2016-07-06 11:30:02,1816
3365,2016-07-06 11:45:03,1438
3366,2016-07-06 12:00:03,1079
3367,2016-07-06 12:15:02,0765
3368,2016-07-06 12:30:02,0434
3369,2016-07-06 12:45:02,0132
3370,2016-07-06 13:00:03,0000
3371,2016-07-06 13:15:03,0000
3372,2016-07-06 13:30:03,0000
3373,2016-07-06 13:45:03,0000
3374,2016-07-06 14:00:02,0000
3375,2016-07-06 14:15:02,0000
3376,2016-07-06 14:30:02,0000
3377,2016-07-06 14:45:02,0000
3378,2016-07-06 15:00:03,0000
3379,2016-07-06 15:15:03,0000
3380,2016-07-06 15:30:02,0000
3381,2016-07-06 15:45:02,0000
3382,2016-07-06 16:00:03,0000
3383,2016-07-06 16:15:03,0000
3384,2016-07-06 16:30:03,0000
3385,2016-07-06 16:45:02,0031
3386,2016-07-06 17:00:02,0192
3387,2016-07-06 17:15:03,0399
3388,2016-07-06 17:30:02,0622
3389,2016-07-06 17:45:02,0882
3390,2016-07-06 18:00:02,1068
3391,2016-07-06 18:15:02,1280
3392,2016-07-06 18:30:03,1485
3393,2016-07-06 18:45:02,1651
3394,2016-07-06 19:00:02,1773
3395,2016-07-06 19:15:02,1891
3396,2016-07-06 19:30:03,2010
3397,2016-07-06 19:45:03,2081
3398,2016-07-06 20:00:02,2182
3399,2016-07-06 20:15:02,2280
3400,2016-07-06 20:30:02,2419
3401,2016-07-06 20:45:02,2549
3402,2016-07-06 21:00:03,2664
3403,2016-07-06 21:15:03,2812
3404,2016-07-06 21:30:03,3043
3405,2016-07-06 21:45:02,3257
3406,2016-07-06 22:00:02,3492
3407,2016-07-06 22:15:02,3815
3408,2016-07-06 22:30:02,4028
3409,2016-07-06 22:45:02,4171
3410,2016-07-06 23:00:02,4178
3411,2016-07-06 23:15:02,4186
3412,2016-07-06 23:30:02,4193
3413,2016-07-06 23:45:03,4200
3414,2016-07-07 00:00:02,4201
3415,2016-07-07 00:15:03,4201
3416,2016-07-07 00:30:02,4204
3417,2016-07-07 00:45:02,4203
3418,2016-07-07 01:00:02,4201
3419,2016-07-07 01:15:02,4203
3420,2016-07-07 01:30:02,4203
3421,2016-07-07 01:45:02,4258
3422,2016-07-07 02:00:02,4242
3423,2016-07-07 02:15:02,4226
3424,2016-07-07 02:30:02,4203
3425,2016-07-07 02:45:02,4202
3426,2016-07-07 03:00:03,4202
3427,2016-07-07 03:15:02,4203
3428,2016-07-07 03:30:02,4203
3429,2016-07-07 03:45:02,4203
3430,2016-07-07 04:00:02,4203
3431,2016-07-07 04:15:03,4203
3432,2016-07-07 04:30:03,4203
3433,2016-07-07 04:45:03,4203
3434,2016-07-07 05:00:02,4203
3435,2016-07-07 05:15:02,4203
3436,2016-07-07 05:30:03,4203
3437,2016-07-07 05:45:03,4203
3438,2016-07-07 06:00:03,4202
3439,2016-07-07 06:15:02,4201
3440,2016-07-07 06:30:02,4201
3441,2016-07-07 06:45:02,4197
3442,2016-07-07 07:00:02,4196
3443,2016-07-07 07:15:03,4196
3444,2016-07-07 07:30:03,4191
3445,2016-07-07 07:45:03,4184
3446,2016-07-07 08:00:03,4183
3447,2016-07-07 08:15:03,4181
3448,2016-07-07 08:30:02,4175
3449,2016-07-07 08:45:02,4161
3450,2016-07-07 09:00:02,4133
3451,2016-07-07 09:15:02,4098
3452,2016-07-07 09:30:02,4035
3453,2016-07-07 09:45:02,3928
3454,2016-07-07 10:00:02,3731
3455,2016-07-07 10:15:02,3508
3456,2016-07-07 10:30:02,3228
3457,2016-07-07 10:45:02,2887
3458,2016-07-07 11:00:02,2569
3459,2016-07-07 11:15:03,2271
3460,2016-07-07 11:30:02,1958
3461,2016-07-07 11:45:03,1690
3462,2016-07-07 12:00:02,1356
3463,2016-07-07 12:15:02,1084
3464,2016-07-07 12:30:02,0814
3465,2016-07-07 12:45:03,0580
3466,2016-07-07 13:00:02,0370
3467,2016-07-07 13:15:02,0192
3468,2016-07-07 13:30:02,0078
3469,2016-07-07 13:45:02,0000
3470,2016-07-07 14:00:02,0000
3471,2016-07-07 14:15:02,0000
3472,2016-07-07 14:30:02,0000
3473,2016-07-07 14:45:03,0000
3474,2016-07-07 15:00:03,0000
3475,2016-07-07 15:15:03,0000
3476,2016-07-07 15:30:03,0000
3477,2016-07-07 15:45:02,0000
3478,2016-07-07 16:00:02,0000
3479,2016-07-07 16:15:02,0124
3480,2016-07-07 16:30:03,0193
3481,2016-07-07 16:45:03,0335
3482,2016-07-07 17:00:02,0516
3483,2016-07-07 17:15:03,0709
3484,2016-07-07 17:30:02,0883
3485,2016-07-07 17:45:02,1037
3486,2016-07-07 18:00:02,1230
3487,2016-07-07 18:15:02,1358
3488,2016-07-07 18:30:02,1483
3489,2016-07-07 18:45:03,1574
3490,2016-07-07 19:00:02,1675
3491,2016-07-07 19:15:02,1815
3492,2016-07-07 19:30:02,1889
3493,2016-07-07 19:45:02,2005
3494,2016-07-07 20:00:03,2094
3495,2016-07-07 20:15:02,2195
3496,2016-07-07 20:30:02,2255
3497,2016-07-07 20:45:02,2342
3498,2016-07-07 21:00:02,2424
3499,2016-07-07 21:15:03,2557
3500,2016-07-07 21:30:02,2715
3501,2016-07-07 21:45:03,2932
3502,2016-07-07 22:00:02,3146
3503,2016-07-07 22:15:02,3456
3504,2016-07-07 22:30:02,3711
3505,2016-07-07 22:45:02,3856
3506,2016-07-07 23:00:03,3918
3507,2016-07-07 23:15:03,3950
3508,2016-07-07 23:30:02,3984
3509,2016-07-07 23:45:02,4027
3510,2016-07-08 00:00:03,4033
3511,2016-07-08 00:15:03,4046
3512,2016-07-08 00:30:03,4061
3513,2016-07-08 00:45:03,4063
3514,2016-07-08 01:00:02,4062
3515,2016-07-08 01:15:03,4061
3516,2016-07-08 01:30:03,4061
3517,2016-07-08 01:45:03,4064
3518,2016-07-08 02:00:03,4064
3519,2016-07-08 02:15:03,4065
3520,2016-07-08 02:30:03,4068
3521,2016-07-08 02:45:03,4067
3522,2016-07-08 03:00:02,4067
3523,2016-07-08 03:15:03,4066
3524,2016-07-08 03:30:03,4067
3525,2016-07-08 03:45:02,4067
3526,2016-07-08 04:00:03,4067
3527,2016-07-08 04:15:03,4066
3528,2016-07-08 04:30:02,4067
3529,2016-07-08 04:45:03,4066
3530,2016-07-08 05:00:02,4066
3531,2016-07-08 05:15:02,4066
3532,2016-07-08 05:30:03,4066
3533,2016-07-08 05:45:03,4066
3534,2016-07-08 06:00:02,4064
3535,2016-07-08 06:15:02,4061
3536,2016-07-08 06:30:02,4055
3537,2016-07-08 06:45:02,4041
3538,2016-07-08 07:00:02,4021
3539,2016-07-08 07:15:02,3985
3540,2016-07-08 07:30:03,3948
3541,2016-07-08 07:45:02,3898
3542,2016-07-08 08:00:02,3831
3543,2016-07-08 08:15:02,3759
3544,2016-07-08 08:30:03,3678
3545,2016-07-08 08:45:03,3613
3546,2016-07-08 09:00:03,3509
3547,2016-07-08 09:15:03,3430
3548,2016-07-08 09:30:02,3325
3549,2016-07-08 09:45:03,3222
3550,2016-07-08 10:00:02,3105
3551,2016-07-08 10:15:02,2928
3552,2016-07-08 10:30:03,2769
3553,2016-07-08 10:45:03,2589
3554,2016-07-08 11:00:02,2392
3555,2016-07-08 11:15:03,2212
3556,2016-07-08 11:30:03,2014
3557,2016-07-08 11:45:03,1876
3558,2016-07-08 12:00:03,1663
3559,2016-07-08 12:15:03,1527
3560,2016-07-08 12:30:03,1386
3561,2016-07-08 12:45:03,1245
3562,2016-07-08 13:00:03,1133
3563,2016-07-08 13:15:03,1047
3564,2016-07-08 13:30:03,0994
3565,2016-07-08 13:45:03,0949
3566,2016-07-08 14:00:03,0925
3567,2016-07-08 14:15:02,0923
3568,2016-07-08 14:30:03,0917
3569,2016-07-08 14:45:03,0939
3570,2016-07-08 15:00:06,0885
3571,2016-07-08 15:15:03,0882
3572,2016-07-08 15:30:03,0848
3573,2016-07-08 15:45:03,0856
3574,2016-07-08 16:00:03,0914
3575,2016-07-08 16:15:03,0928
3576,2016-07-08 16:30:03,0992
3577,2016-07-08 16:45:03,1087
3578,2016-07-08 17:00:06,1192
3579,2016-07-08 17:15:03,1281
3580,2016-07-08 17:30:08,1377
3581,2016-07-08 17:45:02,1471
3582,2016-07-08 18:00:03,1553
3583,2016-07-08 18:15:02,1624
3584,2016-07-08 18:30:03,1648
3585,2016-07-08 18:45:03,1708
3586,2016-07-08 19:00:03,1764
3587,2016-07-08 19:15:02,1824
3588,2016-07-08 19:30:02,1889
3589,2016-07-08 19:45:03,1941
3590,2016-07-08 20:00:02,1989
3591,2016-07-08 20:15:03,2054
3592,2016-07-08 20:30:03,2128
3593,2016-07-08 20:45:03,2224
3594,2016-07-08 21:00:02,2314
3595,2016-07-08 21:15:02,2429
3596,2016-07-08 21:30:02,2597
3597,2016-07-08 21:45:02,2808
3598,2016-07-08 22:00:02,3064
3599,2016-07-08 22:15:02,3343
3600,2016-07-08 22:30:02,3582
3601,2016-07-08 22:45:02,3708
3602,2016-07-08 23:00:02,3778
3603,2016-07-08 23:15:02,3811
3604,2016-07-08 23:30:02,3849
3605,2016-07-08 23:45:03,3902
3606,2016-07-09 00:00:03,3955
3607,2016-07-09 00:15:03,3965
3608,2016-07-09 00:30:02,3971
3609,2016-07-09 00:45:03,3974
3610,2016-07-09 01:00:03,3982
3611,2016-07-09 01:15:02,4002
3612,2016-07-09 01:30:02,4015
3613,2016-07-09 01:45:02,4015
3614,2016-07-09 02:00:02,4015
3615,2016-07-09 02:15:02,4015
3616,2016-07-09 02:30:02,4016
3617,2016-07-09 02:45:02,4014
3618,2016-07-09 03:00:02,4014
3619,2016-07-09 03:15:02,4015
3620,2016-07-09 03:30:02,4015
3621,2016-07-09 03:45:02,4016
3622,2016-07-09 04:00:03,4016
3623,2016-07-09 04:15:02,4016
3624,2016-07-09 04:30:03,4016
3625,2016-07-09 04:45:02,4016
3626,2016-07-09 05:00:02,4016
3627,2016-07-09 05:15:02,4016
3628,2016-07-09 05:30:02,4015
3629,2016-07-09 05:45:02,4015
3630,2016-07-09 06:00:02,4014
3631,2016-07-09 06:15:03,4014
3632,2016-07-09 06:30:03,4014
3633,2016-07-09 06:45:03,4015
3634,2016-07-09 07:00:02,4010
3635,2016-07-09 07:15:02,4010
3636,2016-07-09 07:30:02,4005
3637,2016-07-09 07:45:02,4004
3638,2016-07-09 08:00:02,3997
3639,2016-07-09 08:15:02,3989
3640,2016-07-09 08:30:02,3975
3641,2016-07-09 08:45:02,3956
3642,2016-07-09 09:00:03,3939
3643,2016-07-09 09:15:03,3911
3644,2016-07-09 09:30:02,3861
3645,2016-07-09 09:45:02,3782
3646,2016-07-09 10:00:02,3666
3647,2016-07-09 10:15:02,3530
3648,2016-07-09 10:30:02,3367
3649,2016-07-09 10:45:02,3159
3650,2016-07-09 11:00:02,2978
3651,2016-07-09 11:15:03,2822
3652,2016-07-09 11:30:02,2666
3653,2016-07-09 11:45:03,2493
3654,2016-07-09 12:00:02,2357
3655,2016-07-09 12:15:02,2220
3656,2016-07-09 12:30:02,2063
3657,2016-07-09 12:45:02,1934
3658,2016-07-09 13:00:02,1813
3659,2016-07-09 13:15:02,1692
3660,2016-07-09 13:30:02,1620
3661,2016-07-09 13:45:02,1524
3662,2016-07-09 14:00:03,1482
3663,2016-07-09 14:15:02,1427
3664,2016-07-09 14:30:02,1364
3665,2016-07-09 14:45:02,1338
3666,2016-07-09 15:00:03,1287
3667,2016-07-09 15:15:03,1245
3668,2016-07-09 15:30:02,1286
3669,2016-07-09 15:45:02,1310
3670,2016-07-09 16:00:02,1282
3671,2016-07-09 16:15:02,1306
3672,2016-07-09 16:30:02,1299
3673,2016-07-09 16:45:02,1330
3674,2016-07-09 17:00:03,1375
3675,2016-07-09 17:15:03,1400
3676,2016-07-09 17:30:02,1445
3677,2016-07-09 17:45:02,1517
3678,2016-07-09 18:00:03,1563
3679,2016-07-09 18:15:03,1574
3680,2016-07-09 18:30:02,1614
3681,2016-07-09 18:45:02,1643
3682,2016-07-09 19:00:02,1650
3683,2016-07-09 19:15:02,1648
3684,2016-07-09 19:30:02,1694
3685,2016-07-09 19:45:02,1721
3686,2016-07-09 20:00:02,1799
3687,2016-07-09 20:15:02,1846
3688,2016-07-09 20:30:02,1897
3689,2016-07-09 20:45:02,1961
3690,2016-07-09 21:00:03,2070
3691,2016-07-09 21:15:03,2190
3692,2016-07-09 21:30:02,2380
3693,2016-07-09 21:45:02,2613
3694,2016-07-09 22:00:02,2988
3695,2016-07-09 22:15:02,3338
3696,2016-07-09 22:30:02,3603
3697,2016-07-09 22:45:02,3705
3698,2016-07-09 23:00:02,3759
3699,2016-07-09 23:15:03,3784
3700,2016-07-09 23:30:02,3811
3701,2016-07-09 23:45:02,3857
3702,2016-07-10 00:00:02,3907
3703,2016-07-10 00:15:02,3918
3704,2016-07-10 00:30:02,3926
3705,2016-07-10 00:45:02,3928
3706,2016-07-10 01:00:03,3939
3707,2016-07-10 01:15:02,3953
3708,2016-07-10 01:30:02,3970
3709,2016-07-10 01:45:02,3973
3710,2016-07-10 02:00:02,3980
3711,2016-07-10 02:15:02,3994
3712,2016-07-10 02:30:03,4002
3713,2016-07-10 02:45:03,4002
3714,2016-07-10 03:00:02,4003
3715,2016-07-10 03:15:03,4003
3716,2016-07-10 03:30:02,4003
3717,2016-07-10 03:45:02,4003
3718,2016-07-10 04:00:03,4003
3719,2016-07-10 04:15:02,4003
3720,2016-07-10 04:30:02,4003
3721,2016-07-10 04:45:02,4003
3722,2016-07-10 05:00:03,4003
3723,2016-07-10 05:15:02,4003
3724,2016-07-10 05:30:03,4003
3725,2016-07-10 05:45:03,4003
3726,2016-07-10 06:00:02,4002
3727,2016-07-10 06:15:02,4001
3728,2016-07-10 06:30:03,3997
3729,2016-07-10 06:45:03,3995
3730,2016-07-10 07:00:02,3992
3731,2016-07-10 07:15:02,3989
3732,2016-07-10 07:30:02,3983
3733,2016-07-10 07:45:02,3981
3734,2016-07-10 08:00:03,3973
3735,2016-07-10 08:15:03,3960
3736,2016-07-10 08:30:03,3950
3737,2016-07-10 08:45:03,3931
3738,2016-07-10 09:00:02,3906
3739,2016-07-10 09:15:02,3862
3740,2016-07-10 09:30:02,3797
3741,2016-07-10 09:45:02,3696
3742,2016-07-10 10:00:03,3532
3743,2016-07-10 10:15:03,3348
3744,2016-07-10 10:30:02,3169
3745,2016-07-10 10:45:02,2967
3746,2016-07-10 11:00:03,2773
3747,2016-07-10 11:15:03,2571
3748,2016-07-10 11:30:02,2361
3749,2016-07-10 11:45:03,2184
3750,2016-07-10 12:00:02,2015
3751,2016-07-10 12:15:02,1876
3752,2016-07-10 12:30:02,1730
3753,2016-07-10 12:45:02,1579
3754,2016-07-10 13:00:03,1451
3755,2016-07-10 13:15:03,1333
3756,2016-07-10 13:30:02,1229
3757,2016-07-10 13:45:02,1193
3758,2016-07-10 14:00:03,1107
3759,2016-07-10 14:15:03,1059
3760,2016-07-10 14:30:02,1009
3761,2016-07-10 14:45:02,0921
3762,2016-07-10 15:00:02,0862
3763,2016-07-10 15:15:03,0785
3764,2016-07-10 15:30:03,0813
3765,2016-07-10 15:45:03,0895
3766,2016-07-10 16:00:03,0893
3767,2016-07-10 16:15:02,0946
3768,2016-07-10 16:30:02,0993
3769,2016-07-10 16:45:02,1045
3770,2016-07-10 17:00:02,1116
3771,2016-07-10 17:15:02,1201
3772,2016-07-10 17:30:03,1289
3773,2016-07-10 17:45:03,1392
3774,2016-07-10 18:00:02,1483
3775,2016-07-10 18:15:02,1590
3776,2016-07-10 18:30:02,1646
3777,2016-07-10 18:45:02,1742
3778,2016-07-10 19:00:02,1854
3779,2016-07-10 19:15:02,1964
3780,2016-07-10 19:30:03,2039
3781,2016-07-10 19:45:03,2143
3782,2016-07-10 20:00:02,2213
3783,2016-07-10 20:15:02,2326
3784,2016-07-10 20:30:02,2408
3785,2016-07-10 20:45:02,2502
3786,2016-07-10 21:00:03,2610
3787,2016-07-10 21:15:02,2735
3788,2016-07-10 21:30:02,2894
3789,2016-07-10 21:45:02,3095
3790,2016-07-10 22:00:02,3303
3791,2016-07-10 22:15:03,3540
3792,2016-07-10 22:30:03,3706
3793,2016-07-10 22:45:03,3771
3794,2016-07-10 23:00:03,3818
3795,2016-07-10 23:15:03,3839
3796,2016-07-10 23:30:03,3865
3797,2016-07-10 23:45:03,3896
3798,2016-07-11 00:00:03,3914
3799,2016-07-11 00:15:03,3917
3800,2016-07-11 00:30:03,3923
3801,2016-07-11 00:45:02,3928
3802,2016-07-11 01:00:03,3943
3803,2016-07-11 01:15:03,3945
3804,2016-07-11 01:30:02,3949
3805,2016-07-11 01:45:02,3950
3806,2016-07-11 02:00:03,3950
3807,2016-07-11 02:15:03,3950
3808,2016-07-11 02:30:02,3950
3809,2016-07-11 02:45:03,3950
3810,2016-07-11 03:00:02,3950
3811,2016-07-11 03:15:02,3950
3812,2016-07-11 03:30:02,3950
3813,2016-07-11 03:45:02,3950
3814,2016-07-11 04:00:03,3950
3815,2016-07-11 04:15:03,3950
3816,2016-07-11 04:30:02,3950
3817,2016-07-11 04:45:02,3950
3818,2016-07-11 05:00:02,3949
3819,2016-07-11 05:15:02,3949
3820,2016-07-11 05:30:03,3949
3821,2016-07-11 05:45:03,3949
3822,2016-07-11 06:00:03,3945
3823,2016-07-11 06:15:02,3933
3824,2016-07-11 06:30:03,3900
3825,2016-07-11 06:45:03,3849
3826,2016-07-11 07:00:02,3761
3827,2016-07-11 07:15:02,3625
3828,2016-07-11 07:30:02,3451
3829,2016-07-11 07:45:02,3245
3830,2016-07-11 08:00:03,3031
3831,2016-07-11 08:15:03,2809
3832,2016-07-11 08:30:02,2581
3833,2016-07-11 08:45:02,2368
3834,2016-07-11 09:00:02,2165
3835,2016-07-11 09:15:02,1995
3836,2016-07-11 09:30:03,1859
3837,2016-07-11 09:45:03,1746
3838,2016-07-11 10:00:03,1640
3839,2016-07-11 10:15:03,1546
3840,2016-07-11 10:30:03,1460
3841,2016-07-11 10:45:03,1367
3842,2016-07-11 11:00:03,1300
3843,2016-07-11 11:15:03,1221
3844,2016-07-11 11:30:03,1151
3845,2016-07-11 11:45:04,1106
3846,2016-07-11 12:00:03,1039
3847,2016-07-11 12:15:03,0955
3848,2016-07-11 12:30:03,0901
3849,2016-07-11 12:45:04,0842
3850,2016-07-11 13:00:03,0817
3851,2016-07-11 13:15:04,0743
3852,2016-07-11 13:30:03,0690
3853,2016-07-11 13:45:03,0660
3854,2016-07-11 14:00:04,0645
3855,2016-07-11 14:15:03,0659
3856,2016-07-11 14:30:03,0664
3857,2016-07-11 14:45:03,0638
3858,2016-07-11 15:00:03,0611
3859,2016-07-11 15:15:03,0630
3860,2016-07-11 15:30:03,0633
3861,2016-07-11 15:45:05,0667
3862,2016-07-11 16:00:03,0693
3863,2016-07-11 16:15:03,0767
3864,2016-07-11 16:30:03,0827
3865,2016-07-11 16:45:03,0933
3866,2016-07-11 17:00:03,1026
3867,2016-07-11 17:15:02,1153
3868,2016-07-11 17:30:02,1342
3869,2016-07-11 17:45:03,1514
3870,2016-07-11 18:00:04,1706
3871,2016-07-11 18:15:02,1879
3872,2016-07-11 18:30:02,2078
3873,2016-07-11 18:45:03,2219
3874,2016-07-11 19:00:03,2327
3875,2016-07-11 19:30:03,2585
3876,2016-07-11 19:45:03,2665
3877,2016-07-11 20:00:03,2755
3878,2016-07-11 20:15:03,2817
3879,2016-07-11 20:30:03,2862
3880,2016-07-11 20:45:03,2932
3881,2016-07-11 21:00:03,3014
3882,2016-07-11 21:15:02,3101
3883,2016-07-11 21:30:02,3223
3884,2016-07-11 21:45:02,3352
3885,2016-07-11 22:00:03,3496
3886,2016-07-11 22:15:04,3660
3887,2016-07-11 22:30:03,3705
3888,2016-07-11 22:45:03,3714
3889,2016-07-11 23:00:04,3715
3890,2016-07-11 23:15:03,3717
3891,2016-07-11 23:30:03,3722
3892,2016-07-11 23:45:03,3721
3893,2016-07-12 00:00:04,3723
3894,2016-07-12 00:15:02,3723
3895,2016-07-12 00:30:03,3724
3896,2016-07-12 00:45:03,3727
3897,2016-07-12 01:00:03,3728
3898,2016-07-12 01:15:03,3728
3899,2016-07-12 01:30:03,3728
3900,2016-07-12 01:45:04,3728
3901,2016-07-12 02:00:03,3726
3902,2016-07-12 02:15:03,3728
3903,2016-07-12 02:30:03,3729
3904,2016-07-12 02:45:03,3729
3905,2016-07-12 03:00:03,3729
3906,2016-07-12 03:15:02,3729
3907,2016-07-12 03:30:03,3729
3908,2016-07-12 03:45:02,3729
3909,2016-07-12 04:00:02,3729
3910,2016-07-12 04:15:03,3730
3911,2016-07-12 04:30:03,3729
3912,2016-07-12 04:45:02,3729
3913,2016-07-12 05:00:02,3729
3914,2016-07-12 05:15:02,3729
3915,2016-07-12 05:30:03,3730
3916,2016-07-12 05:45:02,3729
3917,2016-07-12 06:00:03,3724
3918,2016-07-12 06:15:03,3711
3919,2016-07-12 06:30:03,3679
3920,2016-07-12 06:45:02,3606
3921,2016-07-12 07:00:03,3496
3922,2016-07-12 07:15:06,3350
3923,2016-07-12 07:30:03,3113
3924,2016-07-12 07:45:03,2854
3925,2016-07-12 08:00:03,2615
3926,2016-07-12 08:15:02,2321
3927,2016-07-12 08:30:03,2051
3928,2016-07-12 08:45:03,1755
3929,2016-07-12 09:00:03,1444
3930,2016-07-12 09:15:03,1221
3931,2016-07-12 09:30:02,1027
3932,2016-07-12 09:45:03,0874
3933,2016-07-12 10:00:03,0738
3934,2016-07-12 10:15:03,0608
3935,2016-07-12 10:30:02,0518
3936,2016-07-12 10:45:03,0415
3937,2016-07-12 11:00:03,0319
3938,2016-07-12 11:15:02,0244
3939,2016-07-12 11:30:03,0184
3940,2016-07-12 11:45:03,0132
3941,2016-07-12 12:00:03,0058
3942,2016-07-12 12:15:03,0000
3943,2016-07-12 12:30:04,0000
3944,2016-07-12 12:45:03,0000
3945,2016-07-12 13:00:04,0000
3946,2016-07-12 13:15:04,0000
3947,2016-07-12 13:30:04,0000
3948,2016-07-12 13:45:03,0000
3949,2016-07-12 14:00:03,0000
3950,2016-07-12 14:15:03,0000
3951,2016-07-12 14:30:06,0000
3952,2016-07-12 14:45:03,0000
3953,2016-07-12 15:00:05,0000
3954,2016-07-12 15:15:04,0000
3955,2016-07-12 15:30:03,0000
3956,2016-07-12 15:45:04,0000
3957,2016-07-12 16:00:05,0000
3958,2016-07-12 16:15:04,0000
3959,2016-07-12 16:30:04,0039
3960,2016-07-12 16:45:05,0152
3961,2016-07-12 17:00:03,0231
3962,2016-07-12 17:15:03,0389
3963,2016-07-12 17:30:04,0584
3964,2016-07-12 17:45:04,0808
3965,2016-07-12 18:00:03,0982
3966,2016-07-12 18:15:03,1155
3967,2016-07-12 18:30:03,1373
3968,2016-07-12 18:45:03,1585
3969,2016-07-12 19:00:03,1778
3970,2016-07-12 19:15:03,1885
3971,2016-07-12 19:30:03,1986
3972,2016-07-12 19:45:03,2102
3973,2016-07-12 20:00:03,2186
3974,2016-07-12 20:15:03,2289
3975,2016-07-12 20:30:03,2386
3976,2016-07-12 20:45:03,2491
3977,2016-07-12 21:00:03,2596
3978,2016-07-12 21:15:02,2737
3979,2016-07-12 21:30:02,2866
3980,2016-07-12 21:45:03,3011
3981,2016-07-12 22:00:03,3184
3982,2016-07-12 22:15:03,3361
3983,2016-07-12 22:30:03,3408
3984,2016-07-12 22:45:03,3415
3985,2016-07-12 23:00:03,3420
3986,2016-07-12 23:15:03,3422
3987,2016-07-12 23:30:03,3427
3988,2016-07-12 23:45:04,3427
3989,2016-07-13 00:00:03,3430
3990,2016-07-13 00:15:02,3433
3991,2016-07-13 00:30:03,3437
3992,2016-07-13 00:45:02,3439
3993,2016-07-13 01:00:03,3441
3994,2016-07-13 01:15:03,3441
3995,2016-07-13 01:30:02,3442
3996,2016-07-13 01:45:03,3438
3997,2016-07-13 02:00:03,3439
3998,2016-07-13 02:15:03,3446
3999,2016-07-13 02:30:03,3446
4000,2016-07-13 02:45:03,3445
4001,2016-07-13 03:00:03,3448
4002,2016-07-13 03:15:03,3449
4003,2016-07-13 03:30:02,3449
4004,2016-07-13 03:45:02,3449
4005,2016-07-13 04:00:02,3448
4006,2016-07-13 04:15:02,3448
4007,2016-07-13 04:30:02,3448
4008,2016-07-13 04:45:02,3449
4009,2016-07-13 05:00:03,3449
4010,2016-07-13 05:15:02,3450
4011,2016-07-13 05:30:02,3448
4012,2016-07-13 05:45:03,3448
4013,2016-07-13 06:00:03,3445
4014,2016-07-13 06:15:02,3435
4015,2016-07-13 06:30:03,3404
4016,2016-07-13 06:45:03,3339
4017,2016-07-13 07:00:02,3246
4018,2016-07-13 07:15:02,3111
4019,2016-07-13 07:30:02,2913
4020,2016-07-13 07:45:03,2646
4021,2016-07-13 08:00:02,2361
4022,2016-07-13 08:15:02,2088
4023,2016-07-13 08:30:02,1781
4024,2016-07-13 08:45:02,1448
4025,2016-07-13 09:00:03,1149
4026,2016-07-13 09:15:03,0861
4027,2016-07-13 09:30:03,0648
4028,2016-07-13 09:45:03,0485
4029,2016-07-13 10:00:03,0345
4030,2016-07-13 10:15:03,0211
4031,2016-07-13 10:30:03,0089
4032,2016-07-13 10:45:03,0000
4033,2016-07-13 11:00:02,0000
4034,2016-07-13 11:15:03,0000
4035,2016-07-13 11:30:03,0000
4036,2016-07-13 11:45:03,0000
4037,2016-07-13 12:00:03,0000
4038,2016-07-13 12:15:03,0000
4039,2016-07-13 12:30:03,0000
4040,2016-07-13 12:45:03,0000
4041,2016-07-13 13:00:03,0000
4042,2016-07-13 13:15:03,0000
4043,2016-07-13 13:30:03,0000
4044,2016-07-13 13:45:04,0000
4045,2016-07-13 14:00:03,0000
4046,2016-07-13 14:15:03,0000
4047,2016-07-13 14:30:02,0000
4048,2016-07-13 14:45:03,0000
4049,2016-07-13 15:00:03,0000
4050,2016-07-13 15:15:03,0000
4051,2016-07-13 15:30:03,0000
4052,2016-07-13 15:45:03,0000
4053,2016-07-13 16:00:03,0000
4054,2016-07-13 16:15:03,0000
4055,2016-07-13 16:30:03,0000
4056,2016-07-13 16:45:04,0000
4057,2016-07-13 17:00:03,0000
4058,2016-07-13 17:15:03,0000
4059,2016-07-13 17:30:06,0051
4060,2016-07-13 17:45:04,0299
4061,2016-07-13 18:00:04,0499
4062,2016-07-13 18:15:03,0618
4063,2016-07-13 18:30:03,0733
4064,2016-07-13 18:45:03,0868
4065,2016-07-13 19:00:03,0976
4066,2016-07-13 19:15:03,1064
4067,2016-07-13 19:30:03,1212
4068,2016-07-13 19:45:03,1338
4069,2016-07-13 20:00:03,1505
4070,2016-07-13 20:15:02,1678
4071,2016-07-13 20:30:02,1797
4072,2016-07-13 20:45:02,1933
4073,2016-07-13 21:00:03,2073
4074,2016-07-13 21:15:03,2230
4075,2016-07-13 21:30:02,2391
4076,2016-07-13 21:45:03,2571
4077,2016-07-13 22:00:02,2742
4078,2016-07-13 22:15:02,3011
4079,2016-07-13 22:30:02,3084
4080,2016-07-13 22:45:03,3113
4081,2016-07-13 23:00:03,3124
4082,2016-07-13 23:15:03,3130
4083,2016-07-13 23:30:02,3140
4084,2016-07-13 23:45:03,3149
4085,2016-07-14 00:00:03,3151
4086,2016-07-14 00:15:03,3153
4087,2016-07-14 00:30:03,3158
4088,2016-07-14 00:45:03,3161
4089,2016-07-14 01:00:03,3159
4090,2016-07-14 01:15:03,3160
4091,2016-07-14 01:30:03,3160
4092,2016-07-14 01:45:03,3160
4093,2016-07-14 02:00:03,3160
4094,2016-07-14 02:15:03,3157
4095,2016-07-14 02:30:02,3158
4096,2016-07-14 02:45:02,3159
4097,2016-07-14 03:00:02,3160
4098,2016-07-14 03:15:02,3160
4099,2016-07-14 03:30:02,3159
4100,2016-07-14 03:45:02,3159
4101,2016-07-14 04:00:02,3160
4102,2016-07-14 04:15:02,3160
4103,2016-07-14 04:30:03,3160
4104,2016-07-14 04:45:03,3160
4105,2016-07-14 05:00:02,3159
4106,2016-07-14 05:15:02,3159
4107,2016-07-14 05:30:02,3159
4108,2016-07-14 05:45:03,3158
4109,2016-07-14 06:00:02,3153
4110,2016-07-14 06:15:03,3143
4111,2016-07-14 06:30:02,3108
4112,2016-07-14 06:45:02,3042
4113,2016-07-14 07:00:02,2949
4114,2016-07-14 07:15:02,2794
4115,2016-07-14 07:30:03,2609
4116,2016-07-14 07:45:03,2364
4117,2016-07-14 08:00:02,2125
4118,2016-07-14 08:15:03,1855
4119,2016-07-14 08:30:02,1555
4120,2016-07-14 08:45:02,1267
4121,2016-07-14 09:00:02,0965
4122,2016-07-14 09:15:04,0642
4123,2016-07-14 09:30:03,0386
4124,2016-07-14 09:45:05,0164
4125,2016-07-14 10:00:05,0027
4126,2016-07-14 10:15:06,0000
4127,2016-07-14 10:30:05,0000
4128,2016-07-14 10:45:03,0000
4129,2016-07-14 11:00:04,0000
4130,2016-07-14 11:15:05,0000
4131,2016-07-14 11:30:05,0000
4132,2016-07-14 11:45:05,0000
4133,2016-07-14 12:00:05,0000
4134,2016-07-14 12:15:04,0000
4135,2016-07-14 12:30:04,0000
4136,2016-07-14 12:45:04,0000
4137,2016-07-14 13:00:03,0000
4138,2016-07-14 13:15:05,0000
4139,2016-07-14 13:30:16,0000
4140,2016-07-14 13:45:06,0000
4141,2016-07-14 14:00:05,0000
4142,2016-07-14 14:30:05,0000
4143,2016-07-14 14:45:05,0000
4144,2016-07-14 15:00:04,0000
4145,2016-07-14 15:15:04,0000
4146,2016-07-14 15:30:03,0000
4147,2016-07-14 15:45:05,0000
4148,2016-07-14 16:00:05,0000
4149,2016-07-14 16:15:05,0000
4150,2016-07-14 16:30:04,0000
4151,2016-07-14 16:45:03,0000
4152,2016-07-14 17:00:03,0000
4153,2016-07-14 17:15:03,0000
4154,2016-07-14 17:30:03,0000
4155,2016-07-14 17:45:03,0000
4156,2016-07-14 18:00:02,0000
4157,2016-07-14 18:15:03,0130
4158,2016-07-14 18:30:03,0324
4159,2016-07-14 18:45:02,0516
4160,2016-07-14 19:00:02,0671
4161,2016-07-14 19:15:02,0799
4162,2016-07-14 19:30:02,0895
4163,2016-07-14 19:45:03,1016
4164,2016-07-14 20:00:02,1123
4165,2016-07-14 20:15:02,1247
4166,2016-07-14 20:30:02,1353
4167,2016-07-14 20:45:02,1490
4168,2016-07-14 21:00:02,1658
4169,2016-07-14 21:15:02,1807
4170,2016-07-14 21:30:02,1971
4171,2016-07-14 21:45:02,2131
4172,2016-07-14 22:00:03,2297
4173,2016-07-14 22:15:03,2496
4174,2016-07-14 22:30:03,2656
4175,2016-07-14 22:45:02,2767
4176,2016-07-14 23:00:02,2815
4177,2016-07-14 23:15:03,2823
4178,2016-07-14 23:30:03,2832
4179,2016-07-14 23:45:03,2851
4180,2016-07-15 00:00:03,2859
4181,2016-07-15 00:15:03,2863
4182,2016-07-15 00:30:03,2864
4183,2016-07-15 00:45:03,2866
4184,2016-07-15 01:00:03,2869
4185,2016-07-15 01:15:03,2868
4186,2016-07-15 01:30:03,2869
4187,2016-07-15 01:45:03,2870
4188,2016-07-15 02:00:03,2869
4189,2016-07-15 02:15:03,2868
4190,2016-07-15 02:30:02,2869
4191,2016-07-15 02:45:03,2869
4192,2016-07-15 03:00:02,2868
4193,2016-07-15 03:15:02,2868
4194,2016-07-15 03:30:02,2868
4195,2016-07-15 03:45:02,2868
4196,2016-07-15 04:00:02,2869
4197,2016-07-15 04:15:02,2868
4198,2016-07-15 04:30:02,2867
4199,2016-07-15 04:45:02,2867
4200,2016-07-15 05:00:02,2867
4201,2016-07-15 05:15:03,2867
4202,2016-07-15 05:30:02,2867
4203,2016-07-15 05:45:02,2867
4204,2016-07-15 06:00:02,2864
4205,2016-07-15 06:15:03,2853
4206,2016-07-15 06:30:03,2827
4207,2016-07-15 06:45:02,2773
4208,2016-07-15 07:00:02,2682
4209,2016-07-15 07:15:02,2522
4210,2016-07-15 07:30:02,2309
4211,2016-07-15 07:45:02,2075
4212,2016-07-15 08:00:03,1777
4213,2016-07-15 08:15:02,1503
4214,2016-07-15 08:30:02,1190
4215,2016-07-15 08:45:02,0845
4216,2016-07-15 09:00:02,0549
4217,2016-07-15 09:15:03,0263
4218,2016-07-15 09:30:03,0027
4219,2016-07-15 09:45:03,0000
4220,2016-07-15 10:00:04,0000
4221,2016-07-15 10:15:03,0000
4222,2016-07-15 10:30:03,0000
4223,2016-07-15 10:45:04,3530
4224,2016-07-15 11:00:03,3409
4225,2016-07-15 11:15:03,3318
4226,2016-07-15 11:30:03,3262
4227,2016-07-15 11:45:03,3209
4228,2016-07-15 12:00:02,3178
4229,2016-07-15 12:15:04,3168
4230,2016-07-15 12:30:03,3159
4231,2016-07-15 12:45:02,3190
4232,2016-07-15 13:00:03,3202
4233,2016-07-15 13:15:05,3194
4234,2016-07-15 13:30:03,3207
4235,2016-07-15 13:45:03,3200
4236,2016-07-15 14:00:03,3182
4237,2016-07-15 14:15:03,3203
4238,2016-07-15 14:30:03,3115
4239,2016-07-15 14:45:03,3053
4240,2016-07-15 15:00:03,3025
4241,2016-07-15 15:15:03,2983
4242,2016-07-15 15:30:03,2942
4243,2016-07-15 15:45:04,2887
4244,2016-07-15 16:00:03,2850
4245,2016-07-15 16:15:06,2815
4246,2016-07-15 16:30:06,2841
4247,2016-07-15 16:45:03,2839
4248,2016-07-15 17:00:02,2922
4249,2016-07-15 17:15:03,3098
4250,2016-07-15 17:30:03,3234
4251,2016-07-15 17:45:03,3411
4252,2016-07-15 18:00:03,3607
4253,2016-07-15 18:15:02,3705
4254,2016-07-15 18:30:03,3775
4255,2016-07-15 18:45:03,3802
4256,2016-07-15 19:00:02,3840
4257,2016-07-15 19:15:02,3904
4258,2016-07-15 19:30:02,3967
4259,2016-07-15 19:45:03,3968
4260,2016-07-15 20:00:03,4003
4261,2016-07-15 20:15:02,4050
4262,2016-07-15 20:30:02,4108
4263,2016-07-15 20:45:02,4196
4264,2016-07-15 21:00:03,4273
4265,2016-07-15 21:15:03,4424
4266,2016-07-15 21:30:02,4523
4267,2016-07-15 21:45:03,4671
4268,2016-07-15 22:00:02,4823
4269,2016-07-15 22:15:02,5072
4270,2016-07-15 22:30:02,5215
4271,2016-07-15 22:45:03,5294
4272,2016-07-15 23:00:03,5337
4273,2016-07-15 23:15:03,5379
4274,2016-07-15 23:30:03,5437
4275,2016-07-15 23:45:03,5499
4276,2016-07-16 00:00:02,5500
4277,2016-07-16 00:15:03,5500
4278,2016-07-16 00:30:03,5499
4279,2016-07-16 00:45:03,5499
4280,2016-07-16 01:00:03,5498
4281,2016-07-16 01:15:03,5500
4282,2016-07-16 01:30:03,5500
4283,2016-07-16 01:45:02,5500
4284,2016-07-16 02:00:02,5500
4285,2016-07-16 02:15:03,5500
4286,2016-07-16 02:30:03,5500
4287,2016-07-16 02:45:03,5500
4288,2016-07-16 03:00:02,5500
4289,2016-07-16 03:15:02,5500
4290,2016-07-16 03:30:02,5498
4291,2016-07-16 03:45:02,5499
4292,2016-07-16 04:00:02,5498
4293,2016-07-16 04:15:03,5499
4294,2016-07-16 04:30:02,5497
4295,2016-07-16 04:45:02,5497
4296,2016-07-16 05:00:02,5497
4297,2016-07-16 05:15:02,5497
4298,2016-07-16 05:30:02,5497
4299,2016-07-16 05:45:02,5496
4300,2016-07-16 06:00:03,5498
4301,2016-07-16 06:15:02,5499
4302,2016-07-16 06:30:03,5496
4303,2016-07-16 06:45:03,5495
4304,2016-07-16 07:00:02,5492
4305,2016-07-16 07:15:02,5489
4306,2016-07-16 07:30:02,5485
4307,2016-07-16 07:45:02,5471
4308,2016-07-16 08:00:03,5462
4309,2016-07-16 08:15:02,5452
4310,2016-07-16 08:30:02,5434
4311,2016-07-16 08:45:02,5412
4312,2016-07-16 09:00:03,5383
4313,2016-07-16 09:15:02,5347
4314,2016-07-16 09:30:02,5296
4315,2016-07-16 09:45:02,5239
4316,2016-07-16 10:00:03,5153
4317,2016-07-16 10:15:03,5057
4318,2016-07-16 10:30:02,4952
4319,2016-07-16 10:45:02,4826
4320,2016-07-16 11:00:02,4747
4321,2016-07-16 11:15:04,4633
4322,2016-07-16 11:30:03,4535
4323,2016-07-16 11:45:03,4440
4324,2016-07-16 12:00:03,4322
4325,2016-07-16 12:15:03,4259
4326,2016-07-16 12:30:02,4178
4327,2016-07-16 12:45:03,4106
4328,2016-07-16 13:00:02,4049
4329,2016-07-16 13:15:02,3958
4330,2016-07-16 13:30:03,3911
4331,2016-07-16 13:45:03,3850
4332,2016-07-16 14:00:02,3776
4333,2016-07-16 14:15:02,3717
4334,2016-07-16 14:30:03,3631
4335,2016-07-16 14:45:03,3554
4336,2016-07-16 15:00:02,3484
4337,2016-07-16 15:15:02,3415
4338,2016-07-16 15:30:02,3364
4339,2016-07-16 15:45:02,3345
4340,2016-07-16 16:00:03,3307
4341,2016-07-16 16:15:02,3295
4342,2016-07-16 16:30:02,3296
4343,2016-07-16 16:45:02,3319
4344,2016-07-16 17:00:03,3394
4345,2016-07-16 17:15:02,3428
4346,2016-07-16 17:30:02,3511
4347,2016-07-16 17:45:02,3568
4348,2016-07-16 18:00:03,3627
4349,2016-07-16 18:15:02,3666
4350,2016-07-16 18:30:03,3742
4351,2016-07-16 18:45:03,3802
4352,2016-07-16 19:00:03,3844
4353,2016-07-16 19:15:03,3867
4354,2016-07-16 19:30:03,3861
4355,2016-07-16 19:45:02,3871
4356,2016-07-16 20:00:02,3854
4357,2016-07-16 20:15:02,3844
4358,2016-07-16 20:30:03,3880
4359,2016-07-16 20:45:03,3943
4360,2016-07-16 21:00:03,4021
4361,2016-07-16 21:15:03,4106
4362,2016-07-16 21:30:03,4223
4363,2016-07-16 21:45:03,4361
4364,2016-07-16 22:00:02,4548
4365,2016-07-16 22:15:02,4789
4366,2016-07-16 22:30:02,4943
4367,2016-07-16 22:45:02,5003
4368,2016-07-16 23:00:03,5048
4369,2016-07-16 23:15:02,5080
4370,2016-07-16 23:30:02,5112
4371,2016-07-16 23:45:03,5234
4372,2016-07-17 00:00:03,5310
4373,2016-07-17 00:15:02,5377
4374,2016-07-17 00:30:03,5395
4375,2016-07-17 00:45:03,5407
4376,2016-07-17 01:00:03,5419
4377,2016-07-17 01:15:03,5437
4378,2016-07-17 01:30:03,5441
4379,2016-07-17 01:45:03,5227
4380,2016-07-17 02:00:03,5226
4381,2016-07-17 02:15:03,5230
4382,2016-07-17 02:30:03,5233
4383,2016-07-17 02:45:03,5231
4384,2016-07-17 03:00:02,5232
4385,2016-07-17 03:15:02,5232
4386,2016-07-17 03:30:03,5233
4387,2016-07-17 03:45:03,5234
4388,2016-07-17 04:00:02,5235
4389,2016-07-17 04:15:02,5235
4390,2016-07-17 04:30:02,5235
4391,2016-07-17 04:45:03,5236
4392,2016-07-17 05:00:02,5237
4393,2016-07-17 05:15:02,5237
4394,2016-07-17 05:30:02,5237
4395,2016-07-17 05:45:02,5237
4396,2016-07-17 06:00:02,5238
4397,2016-07-17 06:15:03,5239
4398,2016-07-17 06:30:02,5227
4399,2016-07-17 06:45:02,5190
4400,2016-07-17 07:00:03,5132
4401,2016-07-17 07:15:02,5037
4402,2016-07-17 07:30:02,4912
4403,2016-07-17 07:45:02,4737
4404,2016-07-17 08:00:03,4528
4405,2016-07-17 08:15:03,4282
4406,2016-07-17 08:30:31,5421
4407,2016-07-17 08:45:02,5400
4408,2016-07-17 09:00:02,5375
4409,2016-07-17 09:15:03,5356
4410,2016-07-17 09:30:02,5323
4411,2016-07-17 09:45:02,5263
4412,2016-07-17 10:00:02,5160
4413,2016-07-17 10:15:02,5063
4414,2016-07-17 10:30:03,4956
4415,2016-07-17 10:45:03,4850
4416,2016-07-17 11:00:03,4731
4417,2016-07-17 11:15:02,4576
4418,2016-07-17 11:30:03,4423
4419,2016-07-17 11:45:03,4317
4420,2016-07-17 12:00:03,4201
4421,2016-07-17 12:15:02,4147
4422,2016-07-17 12:30:02,4044
4423,2016-07-17 12:45:02,3976
4424,2016-07-17 13:00:02,3905
4425,2016-07-17 13:15:02,3843
4426,2016-07-17 13:30:02,3793
4427,2016-07-17 13:45:02,3745
4428,2016-07-17 14:00:03,3693
4429,2016-07-17 14:15:03,3622
4430,2016-07-17 14:30:02,3548
4431,2016-07-17 14:45:02,3477
4432,2016-07-17 15:00:02,3379
4433,2016-07-17 15:15:03,3303
4434,2016-07-17 15:30:02,3263
4435,2016-07-17 15:45:02,3235
4436,2016-07-17 16:00:02,3235
4437,2016-07-17 16:15:02,3203
4438,2016-07-17 16:30:02,3199
4439,2016-07-17 16:45:02,3236
4440,2016-07-17 17:00:02,3264
4441,2016-07-17 17:15:02,3272
4442,2016-07-17 17:30:02,3335
4443,2016-07-17 17:45:02,3357
4444,2016-07-17 18:00:02,3403
4445,2016-07-17 18:15:02,3422
4446,2016-07-17 18:30:03,3472
4447,2016-07-17 18:45:02,3591
4448,2016-07-17 19:00:02,3679
4449,2016-07-17 19:15:03,3755
4450,2016-07-17 19:30:02,3813
4451,2016-07-17 19:45:02,3896
4452,2016-07-17 20:00:03,3946
4453,2016-07-17 20:15:02,3983
4454,2016-07-17 20:30:02,4078
4455,2016-07-17 20:45:02,4175
4456,2016-07-17 21:00:02,4301
4457,2016-07-17 21:15:02,4400
4458,2016-07-17 21:30:02,4568
4459,2016-07-17 21:45:02,4704
4460,2016-07-17 22:00:03,4881
4461,2016-07-17 22:15:02,5101
4462,2016-07-17 22:30:02,5230
4463,2016-07-17 22:45:02,5285
4464,2016-07-17 23:00:03,5314
4465,2016-07-17 23:15:03,5335
4466,2016-07-17 23:30:02,5353
4467,2016-07-17 23:45:02,5364
4468,2016-07-18 00:00:02,5384
4469,2016-07-18 00:15:02,5419
4470,2016-07-18 00:30:02,5432
4471,2016-07-18 00:45:02,5441
4472,2016-07-18 01:00:02,5443
4473,2016-07-18 01:15:02,5444
4474,2016-07-18 01:30:02,5444
4475,2016-07-18 01:45:02,5444
4476,2016-07-18 02:00:03,5445
4477,2016-07-18 02:15:02,5445
4478,2016-07-18 02:30:02,5445
4479,2016-07-18 02:45:02,5445
4480,2016-07-18 03:00:02,5445
4481,2016-07-18 03:15:02,5445
4482,2016-07-18 03:30:02,5445
4483,2016-07-18 03:45:03,5445
4484,2016-07-18 04:00:02,5445
4485,2016-07-18 04:15:02,5445
4486,2016-07-18 04:30:03,5445
4487,2016-07-18 04:45:02,5444
4488,2016-07-18 05:00:02,5444
4489,2016-07-18 05:15:02,5444
4490,2016-07-18 05:30:03,5442
4491,2016-07-18 05:45:02,5442
4492,2016-07-18 06:00:02,5439
4493,2016-07-18 06:15:02,5429
4494,2016-07-18 06:30:02,5395
4495,2016-07-18 06:45:02,5338
4496,2016-07-18 07:00:02,5248
4497,2016-07-18 07:15:02,5089
4498,2016-07-18 07:30:02,4886
4499,2016-07-18 07:45:03,4687
4500,2016-07-18 08:00:02,4432
4501,2016-07-18 08:15:02,4174
4502,2016-07-18 08:30:03,3886
4503,2016-07-18 08:45:02,3638
4504,2016-07-18 09:00:02,3287
4505,2016-07-18 09:15:02,2966
4506,2016-07-18 09:30:02,2722
4507,2016-07-18 09:45:02,2509
4508,2016-07-18 10:00:02,2320
4509,2016-07-18 10:15:02,2184
4510,2016-07-18 10:30:03,2086
4511,2016-07-18 10:45:05,1968
4512,2016-07-18 11:00:02,1858
4513,2016-07-18 11:15:06,1778
4514,2016-07-18 11:30:04,1712
4515,2016-07-18 11:45:04,1652
4516,2016-07-18 12:00:02,1578
4517,2016-07-18 12:15:03,1549
4518,2016-07-18 12:30:02,1520
4519,2016-07-18 12:45:02,1472
4520,2016-07-18 13:00:02,1415
4521,2016-07-18 13:15:02,1374
4522,2016-07-18 13:30:03,1328
4523,2016-07-18 13:45:02,1303
4524,2016-07-18 14:00:02,1281
4525,2016-07-18 14:15:03,1307
4526,2016-07-18 14:30:03,1307
4527,2016-07-18 14:45:03,1324
4528,2016-07-18 15:00:03,1311
4529,2016-07-18 15:15:02,1300
4530,2016-07-18 15:30:02,1326
4531,2016-07-18 15:45:22,1356
4532,2016-07-18 16:00:03,1393
4533,2016-07-18 16:15:03,1488
4534,2016-07-18 16:30:03,1562
4535,2016-07-18 16:45:02,1644
4536,2016-07-18 17:00:02,1760
4537,2016-07-18 17:15:02,1928
4538,2016-07-18 17:30:03,2149
4539,2016-07-18 17:45:02,2339
4540,2016-07-18 18:00:02,2521
4541,2016-07-18 18:15:02,2694
4542,2016-07-18 18:30:03,2896
4543,2016-07-18 18:45:03,3125
4544,2016-07-18 19:00:02,3321
4545,2016-07-18 19:15:02,3451
4546,2016-07-18 19:30:03,3614
4547,2016-07-18 19:45:02,3741
4548,2016-07-18 20:00:02,3865
4549,2016-07-18 20:15:03,3973
4550,2016-07-18 20:30:02,4092
4551,2016-07-18 20:45:03,4224
4552,2016-07-18 21:00:02,4381
4553,2016-07-18 21:15:02,4473
4554,2016-07-18 21:30:03,4592
4555,2016-07-18 21:45:02,4731
4556,2016-07-18 22:00:02,4894
4557,2016-07-18 22:15:03,5079
4558,2016-07-18 22:30:02,5104
4559,2016-07-18 22:45:03,5114
4560,2016-07-18 23:00:02,5123
4561,2016-07-18 23:15:02,5125
4562,2016-07-18 23:30:02,5131
4563,2016-07-18 23:45:02,5137
4564,2016-07-19 00:00:02,5137
4565,2016-07-19 00:15:02,5142
4566,2016-07-19 00:30:02,5142
4567,2016-07-19 00:45:03,5139
4568,2016-07-19 01:00:03,5139
4569,2016-07-19 01:15:03,5139
4570,2016-07-19 01:30:02,5140
4571,2016-07-19 01:45:02,5141
4572,2016-07-19 02:00:02,5142
4573,2016-07-19 02:15:03,5142
4574,2016-07-19 02:30:02,5142
4575,2016-07-19 02:45:02,5141
4576,2016-07-19 03:00:03,5142
4577,2016-07-19 03:15:02,5142
4578,2016-07-19 03:30:02,5142
4579,2016-07-19 03:45:02,5142
4580,2016-07-19 04:00:02,5142
4581,2016-07-19 04:15:03,5141
4582,2016-07-19 04:30:02,5141
4583,2016-07-19 04:45:02,5140
4584,2016-07-19 05:00:03,5140
4585,2016-07-19 05:15:02,5140
4586,2016-07-19 05:30:02,5140
4587,2016-07-19 05:45:02,5139
4588,2016-07-19 06:00:02,5135
4589,2016-07-19 06:15:03,5116
4590,2016-07-19 06:30:02,5080
4591,2016-07-19 06:45:03,5023
4592,2016-07-19 07:00:02,4920
4593,2016-07-19 07:15:02,4769
4594,2016-07-19 07:30:02,4569
4595,2016-07-19 07:45:02,4347
4596,2016-07-19 08:00:02,4088
4597,2016-07-19 08:15:04,3806
4598,2016-07-19 08:30:21,3499
4599,2016-07-19 08:45:14,3170
4600,2016-07-19 09:00:10,2845
4601,2016-07-19 09:15:09,4411
4602,2016-07-19 09:30:05,4375
4603,2016-07-19 09:45:14,4324
4604,2016-07-19 10:00:02,1984
4605,2016-07-19 10:15:03,1846
4606,2016-07-19 10:30:02,1759
4607,2016-07-19 10:45:03,1604
4608,2016-07-19 11:00:02,1515
4609,2016-07-19 11:15:02,1402
4610,2016-07-19 11:30:02,1356
4611,2016-07-19 11:45:05,1310
4612,2016-07-19 12:00:05,1129
4613,2016-07-19 12:15:05,1260
4614,2016-07-19 12:30:02,1112
4615,2016-07-19 12:45:02,1001
4616,2016-07-19 13:00:02,0885
4617,2016-07-19 13:15:04,0858
4618,2016-07-19 13:30:02,0814
4619,2016-07-19 13:45:02,0791
4620,2016-07-19 14:00:04,0786
4621,2016-07-19 14:15:02,0767
4622,2016-07-19 14:30:02,0783
4623,2016-07-19 14:45:03,0805
4624,2016-07-19 15:00:02,0821
4625,2016-07-19 15:15:02,0833
4626,2016-07-19 15:30:02,0820
4627,2016-07-19 15:45:02,0827
4628,2016-07-19 16:00:03,0868
4629,2016-07-19 16:15:03,0958
4630,2016-07-19 16:30:03,1072
4631,2016-07-19 16:45:03,1178
4632,2016-07-19 17:00:02,1296
4633,2016-07-19 17:15:02,1393
4634,2016-07-19 17:30:02,1598
4635,2016-07-19 17:45:02,1789
4636,2016-07-19 18:00:03,2031
4637,2016-07-19 18:15:03,2237
4638,2016-07-19 18:30:02,2441
4639,2016-07-19 18:45:02,2632
4640,2016-07-19 19:00:02,2819
4641,2016-07-19 19:15:02,2982
4642,2016-07-19 19:30:03,3064
4643,2016-07-19 19:45:03,3181
4644,2016-07-19 20:00:02,3299
4645,2016-07-19 20:15:02,3444
4646,2016-07-19 20:30:02,3619
4647,2016-07-19 20:45:02,3723
4648,2016-07-19 21:00:03,3846
4649,2016-07-19 21:15:03,4014
4650,2016-07-19 21:30:03,4148
4651,2016-07-19 21:45:03,4313
4652,2016-07-19 22:00:02,4486
4653,2016-07-19 22:15:02,4698
4654,2016-07-19 22:30:02,4765
4655,2016-07-19 22:45:02,4777
4656,2016-07-19 23:00:02,4794
4657,2016-07-19 23:15:02,4811
4658,2016-07-19 23:30:03,4818
4659,2016-07-19 23:45:03,4821
4660,2016-07-20 00:00:03,4826
4661,2016-07-20 00:15:03,4828
4662,2016-07-20 00:30:03,4828
4663,2016-07-20 00:45:03,4827
4664,2016-07-20 01:00:02,4828
4665,2016-07-20 01:15:03,4828
4666,2016-07-20 01:30:03,4828
4667,2016-07-20 01:45:03,4827
4668,2016-07-20 02:00:03,4826
4669,2016-07-20 02:15:02,4828
4670,2016-07-20 02:30:02,4830
4671,2016-07-20 02:45:02,4830
4672,2016-07-20 03:00:03,4830
4673,2016-07-20 03:15:02,4830
4674,2016-07-20 03:30:03,4830
4675,2016-07-20 03:45:03,4830
4676,2016-07-20 04:00:02,4830
4677,2016-07-20 04:15:02,4830
4678,2016-07-20 04:30:02,4830
4679,2016-07-20 04:45:02,4830
4680,2016-07-20 05:00:03,4830
4681,2016-07-20 05:15:03,4829
4682,2016-07-20 05:30:02,4830
4683,2016-07-20 05:45:03,4826
4684,2016-07-20 06:00:02,4820
4685,2016-07-20 06:15:02,4807
4686,2016-07-20 06:30:02,4767
4687,2016-07-20 06:45:02,4701
4688,2016-07-20 07:00:02,4608
4689,2016-07-20 07:15:02,4484
4690,2016-07-20 07:30:03,4292
4691,2016-07-20 07:45:02,4052
4692,2016-07-20 08:00:03,3832
4693,2016-07-20 08:15:03,3520
4694,2016-07-20 08:30:03,3207
4695,2016-07-20 08:45:03,2883
4696,2016-07-20 09:00:03,2554
4697,2016-07-20 09:15:03,2193
4698,2016-07-20 09:30:08,1933
4699,2016-07-20 09:45:04,1705
4700,2016-07-20 10:00:03,1501
4701,2016-07-20 10:15:03,1311
4702,2016-07-20 10:30:03,1141
4703,2016-07-20 10:45:02,0994
4704,2016-07-20 11:00:03,0849
4705,2016-07-20 11:15:03,0688
4706,2016-07-20 11:30:11,0545
4707,2016-07-20 11:45:23,0442
4708,2016-07-20 12:00:06,0314
4709,2016-07-20 12:15:13,0177
4710,2016-07-20 12:30:08,0076
4711,2016-07-20 12:45:02,0000
4712,2016-07-20 13:00:05,0000
4713,2016-07-20 13:15:04,0000
4714,2016-07-20 13:30:03,0000
4715,2016-07-20 13:45:05,0000
4716,2016-07-20 14:00:04,0000
4717,2016-07-20 14:15:05,0000
4718,2016-07-20 14:30:05,1409
4719,2016-07-20 14:45:06,1391
4720,2016-07-20 15:00:05,1445
4721,2016-07-20 15:15:05,1459
4722,2016-07-20 15:30:05,1494
4723,2016-07-20 15:45:04,1542
4724,2016-07-20 16:00:04,1607
4725,2016-07-20 16:15:03,1684
4726,2016-07-20 16:30:03,1843
4727,2016-07-20 16:45:04,2040
4728,2016-07-20 17:00:04,2191
4729,2016-07-20 17:15:03,2330
4730,2016-07-20 17:30:03,2539
4731,2016-07-20 17:45:02,2752
4732,2016-07-20 18:00:03,2981
4733,2016-07-20 18:15:03,3206
4734,2016-07-20 18:30:03,3397
4735,2016-07-20 18:45:02,3598
4736,2016-07-20 19:00:02,3858
4737,2016-07-20 19:15:02,4002
4738,2016-07-20 19:30:02,4086
4739,2016-07-20 19:45:02,4111
4740,2016-07-20 20:00:02,4170
4741,2016-07-20 20:15:02,4189
4742,2016-07-20 20:30:02,4239
4743,2016-07-20 20:45:02,4288
4744,2016-07-20 21:00:02,4369
4745,2016-07-20 21:15:02,4456
4746,2016-07-20 21:30:03,4630
4747,2016-07-20 21:45:03,4772
4748,2016-07-20 22:00:03,4969
4749,2016-07-20 22:15:03,5172
4750,2016-07-20 22:30:07,5307
4751,2016-07-20 22:45:03,5393
4752,2016-07-20 23:00:02,5442
4753,2016-07-20 23:15:02,5483
4754,2016-07-20 23:30:02,5500
4755,2016-07-20 23:45:02,5499
4756,2016-07-21 00:00:03,5500
4757,2016-07-21 00:15:02,5498
4758,2016-07-21 00:30:02,5498
4759,2016-07-21 00:45:02,5500
4760,2016-07-21 01:00:02,5497
4761,2016-07-21 01:15:02,5499
4762,2016-07-21 01:30:02,4415
4763,2016-07-21 01:45:02,4416
4764,2016-07-21 02:00:03,4415
4765,2016-07-21 02:15:02,4415
4766,2016-07-21 02:30:02,4414
4767,2016-07-21 02:45:02,4415
4768,2016-07-21 03:00:02,4415
4769,2016-07-21 03:15:02,4415
4770,2016-07-21 03:30:02,4415
4771,2016-07-21 03:45:02,4415
4772,2016-07-21 04:00:02,4415
4773,2016-07-21 04:15:02,5497
4774,2016-07-21 04:30:02,5496
4775,2016-07-21 04:45:02,5496
4776,2016-07-21 05:00:02,5496
4777,2016-07-21 05:15:02,5497
4778,2016-07-21 05:30:02,5497
4779,2016-07-21 05:45:02,5497
4780,2016-07-21 06:00:02,5493
4781,2016-07-21 06:15:02,5479
4782,2016-07-21 06:30:02,5444
4783,2016-07-21 06:45:02,5378
4784,2016-07-21 07:00:02,5276
4785,2016-07-21 07:15:02,5128
4786,2016-07-21 07:30:02,4946
4787,2016-07-21 07:45:02,4698
4788,2016-07-21 08:00:02,4434
4789,2016-07-21 08:15:03,4125
4790,2016-07-21 08:30:03,3801
4791,2016-07-21 08:45:03,3483
4792,2016-07-21 09:00:03,3132
4793,2016-07-21 09:15:02,2837
4794,2016-07-21 09:30:02,2583
4795,2016-07-21 09:45:02,2366
4796,2016-07-21 10:00:02,2144
4797,2016-07-21 10:15:03,1952
4798,2016-07-21 10:30:03,1745
4799,2016-07-21 10:45:02,1575
4800,2016-07-21 11:00:02,1400
4801,2016-07-21 11:15:02,1231
4802,2016-07-21 11:30:02,1088
4803,2016-07-21 11:45:02,0914
4804,2016-07-21 12:00:03,0778
4805,2016-07-21 12:15:03,0671
4806,2016-07-21 12:30:04,0554
4807,2016-07-21 12:45:02,0457
4808,2016-07-21 13:00:03,0358
4809,2016-07-21 13:15:04,0286
4810,2016-07-21 13:30:02,0216
4811,2016-07-21 13:45:02,0095
4812,2016-07-21 14:00:02,0034
4813,2016-07-21 14:15:03,0774
4814,2016-07-21 14:30:02,0709
4815,2016-07-21 14:45:02,0725
4816,2016-07-21 15:00:02,0702
4817,2016-07-21 15:15:02,0664
4818,2016-07-21 15:30:03,0693
4819,2016-07-21 15:45:02,0725
4820,2016-07-21 16:00:03,0790
4821,2016-07-21 16:15:02,0915
4822,2016-07-21 16:30:02,1047
4823,2016-07-21 16:45:02,1215
4824,2016-07-21 17:00:03,1419
4825,2016-07-21 17:15:03,1620
4826,2016-07-21 17:30:02,1944
4827,2016-07-21 17:45:02,2231
4828,2016-07-21 18:00:02,2450
4829,2016-07-21 18:15:02,2683
4830,2016-07-21 18:30:02,2887
4831,2016-07-21 18:45:02,3037
4832,2016-07-21 19:00:02,3204
4833,2016-07-21 19:15:02,3379
4834,2016-07-21 19:30:02,3574
4835,2016-07-21 19:45:02,3767
4836,2016-07-21 20:00:03,3919
4837,2016-07-21 20:15:03,4039
4838,2016-07-21 20:30:03,4110
4839,2016-07-21 20:45:03,4199
4840,2016-07-21 21:00:03,4308
4841,2016-07-21 21:15:02,4402
4842,2016-07-21 21:30:04,4576
4843,2016-07-21 21:45:02,4735
4844,2016-07-21 22:00:03,4945
4845,2016-07-21 22:15:02,5140
4846,2016-07-21 22:30:02,5253
4847,2016-07-21 22:45:02,5343
4848,2016-07-21 23:00:03,5408
4849,2016-07-21 23:15:03,5434
4850,2016-07-21 23:30:02,5474
4851,2016-07-21 23:45:02,5471
4852,2016-07-22 00:00:02,5464
4853,2016-07-22 00:15:02,5477
4854,2016-07-22 00:30:02,5468
4855,2016-07-22 00:45:02,5473
4856,2016-07-22 01:00:03,5472
4857,2016-07-22 01:15:02,5480
4858,2016-07-22 01:30:03,5487
4859,2016-07-22 01:45:02,5492
4860,2016-07-22 02:00:03,5497
4861,2016-07-22 02:15:02,5499
4862,2016-07-22 02:30:06,5500
4863,2016-07-22 02:45:03,5500
4864,2016-07-22 03:00:03,5496
4865,2016-07-22 03:15:02,5500
4866,2016-07-22 03:30:02,5498
4867,2016-07-22 03:45:02,5500
4868,2016-07-22 04:00:02,5500
4869,2016-07-22 04:15:02,5500
4870,2016-07-22 04:30:03,5499
4871,2016-07-22 04:45:03,5500
4872,2016-07-22 05:00:02,5500
4873,2016-07-22 05:15:02,5498
4874,2016-07-22 05:30:02,5496
4875,2016-07-22 05:45:03,5495
4876,2016-07-22 06:00:02,5491
4877,2016-07-22 06:15:02,5481
4878,2016-07-22 06:30:02,5449
4879,2016-07-22 06:45:03,5391
4880,2016-07-22 07:00:02,5281
4881,2016-07-22 07:15:02,5151
4882,2016-07-22 07:30:03,4950
4883,2016-07-22 07:45:03,4710
4884,2016-07-22 08:00:02,4452
4885,2016-07-22 08:15:02,4151
4886,2016-07-22 08:30:04,3824
4887,2016-07-22 08:45:02,3439
4888,2016-07-22 09:00:02,3420
4889,2016-07-22 09:15:02,3067
4890,2016-07-22 09:30:03,2829
4891,2016-07-22 09:45:03,2574
4892,2016-07-22 10:00:03,2335
4893,2016-07-22 10:15:03,2410
4894,2016-07-22 10:30:02,2183
4895,2016-07-22 10:45:03,1954
4896,2016-07-22 11:00:02,1752
4897,2016-07-22 11:15:02,1557
4898,2016-07-22 11:30:03,1384
4899,2016-07-22 11:45:03,1244
4900,2016-07-22 12:00:03,1122
4901,2016-07-22 12:15:03,1011
4902,2016-07-22 12:30:03,0977
4903,2016-07-22 12:45:04,0907
4904,2016-07-22 13:00:02,0927
4905,2016-07-22 13:15:02,0831
4906,2016-07-22 13:30:03,0821
4907,2016-07-22 13:45:02,0811
4908,2016-07-22 14:00:02,0792
4909,2016-07-22 14:15:02,0766
4910,2016-07-22 14:30:02,0720
4911,2016-07-22 14:45:03,1807
4912,2016-07-22 15:00:02,1758
4913,2016-07-22 15:15:04,1742
4914,2016-07-22 15:30:04,1765
4915,2016-07-22 15:45:02,1736
4916,2016-07-22 16:00:03,1759
4917,2016-07-22 16:15:03,1843
4918,2016-07-22 16:30:03,2011
4919,2016-07-22 16:45:03,2181
4920,2016-07-22 17:00:03,2372
4921,2016-07-22 17:15:03,2521
4922,2016-07-22 17:30:04,2716
4923,2016-07-22 17:45:03,2936
4924,2016-07-22 18:00:06,3219
4925,2016-07-22 18:15:03,3422
4926,2016-07-22 18:30:02,3594
4927,2016-07-22 18:45:03,3718
4928,2016-07-22 19:00:02,3818
4929,2016-07-22 19:15:02,4011
4930,2016-07-22 19:30:03,4258
4931,2016-07-22 19:45:03,4395
4932,2016-07-22 20:00:06,4552
4933,2016-07-22 20:15:03,4658
4934,2016-07-22 20:30:03,4758
4935,2016-07-22 20:45:02,4875
4936,2016-07-22 21:00:02,5003
4937,2016-07-22 21:15:03,5155
4938,2016-07-22 21:30:02,5314
4939,2016-07-22 21:45:05,5500
4940,2016-07-22 22:00:03,5500
4941,2016-07-22 22:15:03,5500
4942,2016-07-22 22:30:02,5499
4943,2016-07-22 22:45:03,5500
4944,2016-07-22 23:00:02,5498
4945,2016-07-22 23:15:04,5499
4946,2016-07-22 23:30:04,5498
4947,2016-07-22 23:45:02,5500
4948,2016-07-23 00:00:04,5497
4949,2016-07-23 00:15:03,5500
4950,2016-07-23 00:30:03,5498
4951,2016-07-23 00:45:06,5499
4952,2016-07-23 01:00:04,5500
4953,2016-07-23 01:15:02,5499
4954,2016-07-23 01:30:03,5499
4955,2016-07-23 01:45:03,5499
4956,2016-07-23 02:00:03,5420
4957,2016-07-23 02:15:02,5400
4958,2016-07-23 02:30:03,5467
4959,2016-07-23 02:45:02,5499
4960,2016-07-23 03:00:02,5499
4961,2016-07-23 03:15:04,5498
4962,2016-07-23 03:30:02,5499
4963,2016-07-23 03:45:03,5498
4964,2016-07-23 04:00:02,5499
4965,2016-07-23 04:15:02,5499
4966,2016-07-23 04:30:02,5499
4967,2016-07-23 04:45:02,5499
4968,2016-07-23 05:00:03,5498
4969,2016-07-23 05:15:03,5499
4970,2016-07-23 05:30:02,5499
4971,2016-07-23 05:45:02,5499
4972,2016-07-23 06:00:02,5498
4973,2016-07-23 06:15:02,5495
4974,2016-07-23 06:30:02,5489
4975,2016-07-23 06:45:03,5489
4976,2016-07-23 07:00:02,5484
4977,2016-07-23 07:15:02,5475
4978,2016-07-23 07:30:02,5467
4979,2016-07-23 07:45:02,5451
4980,2016-07-23 08:00:02,5426
4981,2016-07-23 08:15:03,5385
4982,2016-07-23 08:30:02,5347
4983,2016-07-23 08:45:02,5292
4984,2016-07-23 09:00:02,5227
4985,2016-07-23 09:15:03,5151
4986,2016-07-23 09:30:03,5075
4987,2016-07-23 09:45:03,4966
4988,2016-07-23 10:00:02,4850
4989,2016-07-23 10:15:02,4682
4990,2016-07-23 10:30:03,4502
4991,2016-07-23 10:45:02,4302
4992,2016-07-23 11:00:04,4118
4993,2016-07-23 11:15:03,3959
4994,2016-07-23 11:30:07,3779
4995,2016-07-23 11:45:05,3642
4996,2016-07-23 12:00:03,3508
4997,2016-07-23 12:15:03,3402
4998,2016-07-23 12:30:03,3288
4999,2016-07-23 12:45:03,3178
5000,2016-07-23 13:00:03,3058
5001,2016-07-23 13:15:03,2987
5002,2016-07-23 13:30:03,2954
5003,2016-07-23 13:45:03,2837
5004,2016-07-23 14:00:03,2817
5005,2016-07-23 14:15:02,2757
5006,2016-07-23 14:30:02,2674
5007,2016-07-23 14:45:03,2621
5008,2016-07-23 15:00:03,2610
5009,2016-07-23 15:15:02,2602
5010,2016-07-23 15:30:02,2611
5011,2016-07-23 15:45:04,2587
5012,2016-07-23 16:00:03,2578
5013,2016-07-23 16:15:03,2523
5014,2016-07-23 16:30:03,2603
5015,2016-07-23 16:45:03,2649
5016,2016-07-23 17:00:06,2684
5017,2016-07-23 17:15:06,2716
5018,2016-07-23 17:30:02,2788
5019,2016-07-23 17:45:03,2891
5020,2016-07-23 18:00:03,2943
5021,2016-07-23 18:15:02,3052
5022,2016-07-23 18:30:03,3094
5023,2016-07-23 18:45:02,3180
5024,2016-07-23 19:00:04,3286
5025,2016-07-23 19:15:03,3395
5026,2016-07-23 19:30:03,3480
5027,2016-07-23 19:45:03,3559
5028,2016-07-23 20:00:03,3587
5029,2016-07-23 20:15:03,3649
5030,2016-07-23 20:30:03,3677
5031,2016-07-23 20:45:04,3725
5032,2016-07-23 21:00:04,3806
5033,2016-07-23 21:15:03,3900
5034,2016-07-23 21:30:03,4063
5035,2016-07-23 21:45:02,4250
5036,2016-07-23 22:00:04,4455
5037,2016-07-23 22:15:04,4759
5038,2016-07-23 22:30:03,4932
5039,2016-07-23 22:45:03,5020
5040,2016-07-23 23:00:03,5067
5041,2016-07-23 23:15:02,5103
5042,2016-07-23 23:30:05,5156
5043,2016-07-23 23:45:02,5183
5044,2016-07-24 00:00:02,5263
5045,2016-07-24 00:15:09,5307
5046,2016-07-24 00:30:02,5346
5047,2016-07-24 00:45:03,5358
5048,2016-07-24 01:00:03,5358
5049,2016-07-24 01:15:02,5353
5050,2016-07-24 01:30:05,5354
5051,2016-07-24 01:45:03,5352
5052,2016-07-24 02:00:02,5352
5053,2016-07-24 02:15:04,5349
5054,2016-07-24 02:30:02,5344
5055,2016-07-24 02:45:02,5349
5056,2016-07-24 03:00:02,5347
5057,2016-07-24 03:15:03,5348
5058,2016-07-24 03:30:02,5346
5059,2016-07-24 03:45:04,5346
5060,2016-07-24 04:00:03,5346
5061,2016-07-24 04:15:02,5347
5062,2016-07-24 04:30:02,5347
5063,2016-07-24 04:45:03,5347
5064,2016-07-24 05:00:02,5347
5065,2016-07-24 05:15:02,5347
5066,2016-07-24 05:30:02,5346
5067,2016-07-24 05:45:02,5345
5068,2016-07-24 06:00:02,5346
5069,2016-07-24 06:15:02,5346
5070,2016-07-24 06:30:02,5346
5071,2016-07-24 06:45:02,5346
5072,2016-07-24 07:00:02,5345
5073,2016-07-24 07:15:02,5341
5074,2016-07-24 07:30:02,5336
5075,2016-07-24 07:45:02,5335
5076,2016-07-24 08:00:02,5330
5077,2016-07-24 08:15:03,5000
5078,2016-07-24 08:30:02,5316
5079,2016-07-24 08:45:02,5304
5080,2016-07-24 09:00:03,5280
5081,2016-07-24 09:15:03,5235
5082,2016-07-24 09:30:02,5194
5083,2016-07-24 09:45:03,5128
5084,2016-07-24 10:00:02,5037
5085,2016-07-24 10:15:02,4927
5086,2016-07-24 10:30:03,4812
5087,2016-07-24 10:45:03,4673
5088,2016-07-24 11:00:02,4529
5089,2016-07-24 11:15:03,4407
5090,2016-07-24 11:30:02,4281
5091,2016-07-24 11:45:02,4161
5092,2016-07-24 12:00:03,4053
5093,2016-07-24 12:15:03,3974
5094,2016-07-24 12:30:03,3934
5095,2016-07-24 12:45:03,3860
5096,2016-07-24 13:00:03,3833
5097,2016-07-24 13:15:03,3816
5098,2016-07-24 13:30:02,3798
5099,2016-07-24 13:45:05,3791
5100,2016-07-24 14:00:03,3697
5101,2016-07-24 14:15:02,3672
5102,2016-07-24 14:30:03,3668
5103,2016-07-24 14:45:03,3726
5104,2016-07-24 15:00:03,3667
5105,2016-07-24 15:15:03,3670
5106,2016-07-24 15:30:03,3599
5107,2016-07-24 15:45:03,3422
5108,2016-07-24 16:00:03,3454
5109,2016-07-24 16:15:03,3258
5110,2016-07-24 16:30:03,3279
5111,2016-07-24 16:45:02,3292
5112,2016-07-24 17:00:03,3307
5113,2016-07-24 17:15:03,3333
5114,2016-07-24 17:30:03,3361
5115,2016-07-24 17:45:03,3458
5116,2016-07-24 18:00:04,3487
5117,2016-07-24 18:15:06,3524
5118,2016-07-24 18:30:02,3551
5119,2016-07-24 18:45:02,3567
5120,2016-07-24 19:00:03,3622
5121,2016-07-24 19:15:02,3695
5122,2016-07-24 19:30:03,3708
5123,2016-07-24 19:45:02,3776
5124,2016-07-24 20:00:03,3823
5125,2016-07-24 20:15:02,3887
5126,2016-07-24 20:30:02,3970
5127,2016-07-24 20:45:03,4045
5128,2016-07-24 21:00:02,4136
5129,2016-07-24 21:15:02,4213
5130,2016-07-24 21:30:03,4350
5131,2016-07-24 21:45:02,4524
5132,2016-07-24 22:00:02,4688
5133,2016-07-24 22:15:05,4920
5134,2016-07-24 22:30:03,5051
5135,2016-07-24 22:45:03,5125
5136,2016-07-24 23:00:03,5158
5137,2016-07-24 23:15:02,5165
5138,2016-07-24 23:30:04,5207
5139,2016-07-24 23:45:02,5220
5140,2016-07-25 00:00:03,5246
5141,2016-07-25 00:15:04,5258
5142,2016-07-25 00:30:02,5275
5143,2016-07-25 00:45:05,5280
5144,2016-07-25 01:00:02,5282
5145,2016-07-25 01:15:02,5294
5146,2016-07-25 01:30:03,5298
5147,2016-07-25 01:45:03,5299
5148,2016-07-25 02:00:03,5299
5149,2016-07-25 02:15:03,5299
5150,2016-07-25 02:30:02,5299
5151,2016-07-25 02:45:03,5299
5152,2016-07-25 03:00:02,5299
5153,2016-07-25 03:15:03,5299
5154,2016-07-25 03:30:02,5299
5155,2016-07-25 03:45:02,5299
5156,2016-07-25 04:00:02,5299
5157,2016-07-25 04:15:02,5299
5158,2016-07-25 04:30:02,5299
5159,2016-07-25 04:45:03,5299
5160,2016-07-25 05:00:02,5302
5161,2016-07-25 05:15:02,5302
5162,2016-07-25 05:30:02,5302
5163,2016-07-25 05:45:02,5301
5164,2016-07-25 06:00:03,5300
5165,2016-07-25 06:15:03,5291
5166,2016-07-25 06:30:02,5254
5167,2016-07-25 06:45:02,5203
5168,2016-07-25 07:00:02,5127
5169,2016-07-25 07:15:03,4977
5170,2016-07-25 07:30:02,4797
5171,2016-07-25 07:45:02,4584
5172,2016-07-25 08:00:02,4355
5173,2016-07-25 08:15:02,4072
5174,2016-07-25 08:30:03,3754
5175,2016-07-25 08:45:02,3443
5176,2016-07-25 09:00:02,3111
5177,2016-07-25 09:15:02,2813
5178,2016-07-25 09:30:02,3186
5179,2016-07-25 09:45:02,3027
5180,2016-07-25 10:00:03,2889
5181,2016-07-25 10:15:02,2786
5182,2016-07-25 10:30:03,2698
5183,2016-07-25 10:45:03,2621
5184,2016-07-25 11:00:03,2532
5185,2016-07-25 11:15:03,2477
5186,2016-07-25 11:30:03,2424
5187,2016-07-25 11:45:04,2236
5188,2016-07-25 12:00:03,2160
5189,2016-07-25 12:15:04,2132
5190,2016-07-25 12:30:06,2178
5191,2016-07-25 12:45:04,2038
5192,2016-07-25 13:00:03,1983
5193,2016-07-25 13:15:05,1933
5194,2016-07-25 13:30:03,1907
5195,2016-07-25 13:45:04,1895
5196,2016-07-25 14:00:05,1930
5197,2016-07-25 14:15:05,1928
5198,2016-07-25 14:30:04,1969
5199,2016-07-25 14:45:05,1946
5200,2016-07-25 15:00:03,1945
5201,2016-07-25 15:15:03,1973
5202,2016-07-25 15:30:02,2017
5203,2016-07-25 15:45:03,2013
5204,2016-07-25 16:00:06,2030
5205,2016-07-25 16:15:06,2082
5206,2016-07-25 16:30:07,2143
5207,2016-07-25 16:45:03,2255
5208,2016-07-25 17:00:03,2342
5209,2016-07-25 17:15:03,2480
5210,2016-07-25 17:30:03,2645
5211,2016-07-25 17:45:03,2485
5212,2016-07-25 18:00:02,2693
5213,2016-07-25 18:15:02,2892
5214,2016-07-25 18:30:02,3069
5215,2016-07-25 18:45:02,3258
5216,2016-07-25 19:00:02,3465
5217,2016-07-25 19:15:02,3642
5218,2016-07-25 19:30:02,3782
5219,2016-07-25 19:45:03,3900
5220,2016-07-25 20:00:02,4005
5221,2016-07-25 20:15:02,4170
5222,2016-07-25 20:30:02,4333
5223,2016-07-25 20:45:02,4469
5224,2016-07-25 21:00:02,4636
5225,2016-07-25 21:15:02,4802
5226,2016-07-25 21:30:03,4942
5227,2016-07-25 21:45:03,5075
5228,2016-07-25 22:00:03,5281
5229,2016-07-25 22:15:02,5465
5230,2016-07-25 22:30:03,5500
5231,2016-07-25 22:45:02,5499
5232,2016-07-25 23:00:02,5500
5233,2016-07-25 23:15:02,5500
5234,2016-07-25 23:30:03,5500
5235,2016-07-25 23:45:03,5500
5236,2016-07-26 00:00:02,5500
5237,2016-07-26 00:15:02,5500
5238,2016-07-26 00:30:03,5500
5239,2016-07-26 00:45:02,5500
5240,2016-07-26 01:00:03,5499
5241,2016-07-26 01:15:03,5499
5242,2016-07-26 01:30:02,5499
5243,2016-07-26 01:45:02,5500
5244,2016-07-26 02:00:04,5499
5245,2016-07-26 02:15:02,5498
5246,2016-07-26 02:30:03,5497
5247,2016-07-26 02:45:03,5498
5248,2016-07-26 03:00:03,5499
5249,2016-07-26 03:15:03,5500
5250,2016-07-26 03:30:02,5500
5251,2016-07-26 03:45:03,5500
5252,2016-07-26 04:00:02,5500
5253,2016-07-26 04:15:02,5500
5254,2016-07-26 04:30:02,5500
5255,2016-07-26 04:45:02,5500
5256,2016-07-26 05:00:02,5499
5257,2016-07-26 05:15:02,5498
5258,2016-07-26 05:30:02,5499
5259,2016-07-26 05:45:02,5499
5260,2016-07-26 06:00:02,5495
5261,2016-07-26 06:15:02,5486
5262,2016-07-26 06:30:02,5444
5263,2016-07-26 06:45:03,5365
5264,2016-07-26 07:00:02,5264
5265,2016-07-26 07:15:02,5129
5266,2016-07-26 07:30:02,4967
5267,2016-07-26 07:45:02,4732
5268,2016-07-26 08:00:02,4461
5269,2016-07-26 08:15:02,4212
5270,2016-07-26 08:30:02,3862
5271,2016-07-26 08:45:02,3532
5272,2016-07-26 09:00:02,3174
5273,2016-07-26 09:15:03,2869
5274,2016-07-26 09:30:02,2648
5275,2016-07-26 09:45:03,2463
5276,2016-07-26 10:00:02,2298
5277,2016-07-26 10:15:03,2158
5278,2016-07-26 10:30:03,2062
5279,2016-07-26 10:45:02,1968
5280,2016-07-26 11:00:03,1859
5281,2016-07-26 11:15:03,1769
5282,2016-07-26 11:30:02,1688
5283,2016-07-26 11:45:03,1587
5284,2016-07-26 12:00:03,1490
5285,2016-07-26 12:15:03,1407
5286,2016-07-26 12:30:03,1358
5287,2016-07-26 12:45:03,1319
5288,2016-07-26 13:00:03,1253
5289,2016-07-26 13:15:02,1223
5290,2016-07-26 13:30:02,1198
5291,2016-07-26 13:45:02,1226
5292,2016-07-26 14:00:03,1258
5293,2016-07-26 14:15:03,1271
5294,2016-07-26 14:30:03,1294
5295,2016-07-26 14:45:02,1307
5296,2016-07-26 15:00:02,1310
5297,2016-07-26 15:15:03,1325
5298,2016-07-26 15:30:04,1338
5299,2016-07-26 15:45:03,1383
5300,2016-07-26 16:00:03,1450
5301,2016-07-26 16:15:04,1511
5302,2016-07-26 16:30:03,1570
5303,2016-07-26 16:45:04,1715
5304,2016-07-26 17:00:03,1806
5305,2016-07-26 17:15:03,1936
5306,2016-07-26 17:30:03,2154
5307,2016-07-26 17:45:04,2322
5308,2016-07-26 18:00:03,2529
5309,2016-07-26 18:15:03,2657
5310,2016-07-26 18:30:03,2837
5311,2016-07-26 18:45:03,3029
5312,2016-07-26 19:00:03,3200
5313,2016-07-26 19:15:03,3308
5314,2016-07-26 19:30:03,3421
5315,2016-07-26 19:45:03,3564
5316,2016-07-26 20:00:02,3743
5317,2016-07-26 20:15:02,3868
5318,2016-07-26 20:30:02,3978
5319,2016-07-26 20:45:02,4105
5320,2016-07-26 21:00:02,4225
5321,2016-07-26 21:15:02,4347
5322,2016-07-26 21:30:02,4522
5323,2016-07-26 21:45:02,4671
5324,2016-07-26 22:00:02,4861
5325,2016-07-26 22:15:02,5054
5326,2016-07-26 22:30:03,5158
5327,2016-07-26 22:45:03,5168
5328,2016-07-26 23:00:03,5180
5329,2016-07-26 23:15:02,5190
5330,2016-07-26 23:30:03,5198
5331,2016-07-26 23:45:03,5202
5332,2016-07-27 00:00:02,5201
5333,2016-07-27 00:15:02,5205
5334,2016-07-27 00:30:02,5209
5335,2016-07-27 00:45:02,5207
5336,2016-07-27 01:00:02,5206
5337,2016-07-27 01:15:03,5206
5338,2016-07-27 01:30:03,5207
5339,2016-07-27 01:45:03,5206
5340,2016-07-27 02:00:02,5206
5341,2016-07-27 02:15:02,5206
5342,2016-07-27 02:30:02,5206
5343,2016-07-27 02:45:02,5208
5344,2016-07-27 03:00:02,5209
5345,2016-07-27 03:15:02,5209
5346,2016-07-27 03:30:02,5209
5347,2016-07-27 03:45:03,5209
5348,2016-07-27 04:00:03,5209
5349,2016-07-27 04:15:03,5210
5350,2016-07-27 04:30:03,5210
5351,2016-07-27 04:45:03,5210
5352,2016-07-27 05:00:02,5209
5353,2016-07-27 05:15:02,5209
5354,2016-07-27 05:30:02,5209
5355,2016-07-27 05:45:02,5206
5356,2016-07-27 06:00:02,5203
5357,2016-07-27 06:15:02,5193
5358,2016-07-27 06:30:02,5151
5359,2016-07-27 06:45:02,5091
5360,2016-07-27 07:00:03,4993
5361,2016-07-27 07:15:03,4862
5362,2016-07-27 07:30:03,4685
5363,2016-07-27 07:45:03,4475
5364,2016-07-27 08:00:03,4233
5365,2016-07-27 08:15:02,3946
5366,2016-07-27 08:30:02,3640
5367,2016-07-27 08:45:03,3291
5368,2016-07-27 09:00:03,2948
5369,2016-07-27 09:15:03,2643
5370,2016-07-27 09:30:03,2352
5371,2016-07-27 09:45:03,2181
5372,2016-07-27 10:00:02,2003
5373,2016-07-27 10:15:03,1796
5374,2016-07-27 10:30:02,1650
5375,2016-07-27 10:45:03,1535
5376,2016-07-27 11:00:03,1391
5377,2016-07-27 11:15:03,1268
5378,2016-07-27 11:30:03,1158
5379,2016-07-27 11:45:03,1076
5380,2016-07-27 12:00:02,0991
5381,2016-07-27 12:15:02,0893
5382,2016-07-27 12:30:02,0849
5383,2016-07-27 12:45:02,0756
5384,2016-07-27 13:00:03,0693
5385,2016-07-27 13:15:02,0640
5386,2016-07-27 13:30:03,0522
5387,2016-07-27 13:45:03,0447
5388,2016-07-27 14:00:03,0423
5389,2016-07-27 14:15:03,0443
5390,2016-07-27 14:30:02,0469
5391,2016-07-27 14:45:02,0456
5392,2016-07-27 15:00:02,0459
5393,2016-07-27 15:15:03,0473
5394,2016-07-27 15:30:03,0545
5395,2016-07-27 15:45:03,0568
5396,2016-07-27 16:00:03,0592
5397,2016-07-27 16:15:03,0688
5398,2016-07-27 16:30:04,0803
5399,2016-07-27 16:45:03,0880
5400,2016-07-27 17:00:02,0996
5401,2016-07-27 17:15:03,1109
5402,2016-07-27 17:30:03,1339
5403,2016-07-27 17:45:03,1550
5404,2016-07-27 18:00:03,1724
5405,2016-07-27 18:15:03,1908
5406,2016-07-27 18:30:03,2066
5407,2016-07-27 18:45:03,2233
5408,2016-07-27 19:00:03,2416
5409,2016-07-27 19:15:03,2503
5410,2016-07-27 19:30:03,2671
5411,2016-07-27 19:45:03,2795
5412,2016-07-27 20:00:03,2916
5413,2016-07-27 20:15:03,3042
5414,2016-07-27 20:30:03,3210
5415,2016-07-27 20:45:03,3411
5416,2016-07-27 21:00:03,3595
5417,2016-07-27 21:15:02,3764
5418,2016-07-27 21:30:02,3958
5419,2016-07-27 21:45:02,4176
5420,2016-07-27 22:00:02,4392
5421,2016-07-27 22:15:02,4629
5422,2016-07-27 22:30:02,4769
5423,2016-07-27 22:45:03,4795
5424,2016-07-27 23:00:03,4813
5425,2016-07-27 23:15:03,4829
5426,2016-07-27 23:30:03,4837
5427,2016-07-27 23:45:03,4841
5428,2016-07-28 00:00:02,4849
5429,2016-07-28 00:15:03,4854
5430,2016-07-28 00:30:02,4859
5431,2016-07-28 00:45:03,4866
5432,2016-07-28 01:00:02,4866
5433,2016-07-28 01:15:02,4867
5434,2016-07-28 01:30:02,5190
5435,2016-07-28 01:45:02,5190
5436,2016-07-28 02:00:03,5191
5437,2016-07-28 02:15:03,5188
5438,2016-07-28 02:30:02,5189
5439,2016-07-28 02:45:02,4865
5440,2016-07-28 03:00:03,4865
5441,2016-07-28 03:15:02,4865
5442,2016-07-28 03:30:02,4865
5443,2016-07-28 03:45:02,4865
5444,2016-07-28 04:00:02,4865
5445,2016-07-28 04:15:02,4866
5446,2016-07-28 04:30:03,4866
5447,2016-07-28 04:45:03,4866
5448,2016-07-28 05:00:03,4865
5449,2016-07-28 05:15:02,4866
5450,2016-07-28 05:30:02,4865
5451,2016-07-28 05:45:03,4864
5452,2016-07-28 06:00:02,4858
5453,2016-07-28 06:15:03,4846
5454,2016-07-28 06:30:03,4813
5455,2016-07-28 06:45:02,4754
5456,2016-07-28 07:00:02,4644
5457,2016-07-28 07:15:02,4490
5458,2016-07-28 07:30:03,4271
5459,2016-07-28 07:45:03,4037
5460,2016-07-28 08:00:02,3748
5461,2016-07-28 08:15:02,3482
5462,2016-07-28 08:30:02,3133
5463,2016-07-28 08:45:03,2822
5464,2016-07-28 09:00:02,2476
5465,2016-07-28 09:15:03,2168
5466,2016-07-28 09:30:02,1925
5467,2016-07-28 09:45:02,1684
5468,2016-07-28 10:00:02,1508
5469,2016-07-28 10:15:03,1372
5470,2016-07-28 10:30:02,1258
5471,2016-07-28 10:45:03,1146
5472,2016-07-28 11:00:02,1004
5473,2016-07-28 11:15:04,0856
5474,2016-07-28 11:30:03,0703
5475,2016-07-28 11:45:03,0598
5476,2016-07-28 12:00:04,0445
5477,2016-07-28 12:15:02,0306
5478,2016-07-28 12:30:02,0200
5479,2016-07-28 12:45:03,0112
5480,2016-07-28 13:00:03,0022
5481,2016-07-28 13:15:06,0000
5482,2016-07-28 13:30:03,0000
5483,2016-07-28 13:45:03,0000
5484,2016-07-28 14:00:03,0000
5485,2016-07-28 14:15:03,0000
5486,2016-07-28 14:30:03,0000
5487,2016-07-28 14:45:02,0000
5488,2016-07-28 15:00:03,0000
5489,2016-07-28 15:15:02,0000
5490,2016-07-28 15:30:02,0000
5491,2016-07-28 15:45:02,0000
5492,2016-07-28 16:00:03,0000
5493,2016-07-28 16:15:03,0102
5494,2016-07-28 16:30:03,0238
5495,2016-07-28 16:45:03,0335
5496,2016-07-28 17:00:03,0494
5497,2016-07-28 17:15:02,0710
5498,2016-07-28 17:30:02,0943
5499,2016-07-28 17:45:02,1166
5500,2016-07-28 18:00:03,1379
5501,2016-07-28 18:15:02,1612
5502,2016-07-28 18:30:02,1871
5503,2016-07-28 18:45:02,2089
5504,2016-07-28 19:00:03,2251
5505,2016-07-28 19:15:03,2363
5506,2016-07-28 19:30:02,2476
5507,2016-07-28 19:45:02,2617
5508,2016-07-28 20:00:02,2733
5509,2016-07-28 20:15:02,2902
5510,2016-07-28 20:30:03,3013
5511,2016-07-28 20:45:02,3117
5512,2016-07-28 21:00:02,3252
5513,2016-07-28 21:15:02,3419
5514,2016-07-28 21:30:02,3593
5515,2016-07-28 21:45:02,3811
5516,2016-07-28 22:00:02,4012
5517,2016-07-28 22:15:02,4243
5518,2016-07-28 22:30:02,4405
5519,2016-07-28 22:45:02,4492
5520,2016-07-28 23:00:02,4528
5521,2016-07-28 23:15:02,4533
5522,2016-07-28 23:30:03,4536
5523,2016-07-28 23:45:02,4544
5524,2016-07-29 00:00:02,4546
5525,2016-07-29 00:15:02,4554
5526,2016-07-29 00:30:02,4559
5527,2016-07-29 00:45:02,4562
5528,2016-07-29 01:00:02,4564
5529,2016-07-29 01:15:02,4565
5530,2016-07-29 01:30:03,4564
5531,2016-07-29 01:45:03,4564
5532,2016-07-29 02:00:02,4564
5533,2016-07-29 02:15:02,4564
5534,2016-07-29 02:30:02,4564
5535,2016-07-29 02:45:02,4564
5536,2016-07-29 03:00:03,4564
5537,2016-07-29 03:15:02,4564
5538,2016-07-29 03:30:02,4564
5539,2016-07-29 03:45:02,4564
5540,2016-07-29 04:00:03,4564
5541,2016-07-29 04:15:03,4563
5542,2016-07-29 04:30:02,4563
5543,2016-07-29 04:45:02,4563
5544,2016-07-29 05:00:02,4563
5545,2016-07-29 05:15:03,4563
5546,2016-07-29 05:30:02,4562
5547,2016-07-29 05:45:02,4562
5548,2016-07-29 06:00:02,4560
5549,2016-07-29 06:15:03,4547
5550,2016-07-29 06:30:03,4505
5551,2016-07-29 06:45:02,4453
5552,2016-07-29 07:00:02,4347
5553,2016-07-29 07:15:02,4198
5554,2016-07-29 07:30:02,3985
5555,2016-07-29 07:45:02,3734
5556,2016-07-29 08:00:02,3468
5557,2016-07-29 08:15:02,3147
5558,2016-07-29 08:30:02,2824
5559,2016-07-29 08:45:02,2468
5560,2016-07-29 09:00:02,2112
5561,2016-07-29 09:15:02,1806
5562,2016-07-29 09:30:02,1535
5563,2016-07-29 09:45:02,1338
5564,2016-07-29 10:00:02,1131
5565,2016-07-29 10:15:02,0937
5566,2016-07-29 10:30:03,0790
5567,2016-07-29 10:45:03,0675
5568,2016-07-29 11:00:03,0565
5569,2016-07-29 11:15:05,0438
5570,2016-07-29 11:30:06,0347
5571,2016-07-29 11:45:05,2055
5572,2016-07-29 12:00:04,1973
5573,2016-07-29 12:15:04,1921
5574,2016-07-29 12:30:06,1932
5575,2016-07-29 12:45:05,1960
5576,2016-07-29 13:00:04,1911
5577,2016-07-29 13:15:04,1890
5578,2016-07-29 13:30:06,1834
5579,2016-07-29 13:45:03,1844
5580,2016-07-29 14:00:03,1835
5581,2016-07-29 14:15:02,1838
5582,2016-07-29 14:30:03,1781
5583,2016-07-29 14:45:03,1732
5584,2016-07-29 15:00:02,1718
5585,2016-07-29 15:15:02,1734
5586,2016-07-29 15:30:03,1737
5587,2016-07-29 15:45:03,1757
5588,2016-07-29 16:00:05,1768
5589,2016-07-29 16:15:03,1880
5590,2016-07-29 16:30:03,1955
5591,2016-07-29 16:45:03,2040
5592,2016-07-29 17:00:03,2203
5593,2016-07-29 17:15:05,2380
5594,2016-07-29 17:30:03,2578
5595,2016-07-29 17:45:03,2785
5596,2016-07-29 18:00:02,2980
5597,2016-07-29 18:15:03,3157
5598,2016-07-29 18:30:02,3254
5599,2016-07-29 18:45:02,3369
5600,2016-07-29 19:00:02,3474
5601,2016-07-29 19:15:03,3531
5602,2016-07-29 19:30:02,3601
5603,2016-07-29 19:45:02,3692
5604,2016-07-29 20:00:02,3813
5605,2016-07-29 20:15:03,3883
5606,2016-07-29 20:30:02,3929
5607,2016-07-29 20:45:02,3993
5608,2016-07-29 21:00:02,4029
5609,2016-07-29 21:15:03,4138
5610,2016-07-29 21:30:02,4266
5611,2016-07-29 21:45:02,4457
5612,2016-07-29 22:00:02,4675
5613,2016-07-29 22:15:03,4975
5614,2016-07-29 22:30:02,5153
5615,2016-07-29 22:45:02,5252
5616,2016-07-29 23:00:02,5297
5617,2016-07-29 23:15:02,5378
5618,2016-07-29 23:30:02,5419
5619,2016-07-29 23:45:02,5452
5620,2016-07-30 00:00:02,5500
5621,2016-07-30 00:15:02,5500
5622,2016-07-30 00:30:02,5500
5623,2016-07-30 00:45:03,5498
5624,2016-07-30 01:00:03,5495
5625,2016-07-30 01:15:03,5499
5626,2016-07-30 01:30:02,5500
5627,2016-07-30 01:45:03,5500
5628,2016-07-30 02:00:02,5500
5629,2016-07-30 02:15:02,5499
5630,2016-07-30 02:30:03,5500
5631,2016-07-30 02:45:02,5500
5632,2016-07-30 03:00:02,5500
5633,2016-07-30 03:15:02,5499
5634,2016-07-30 03:30:03,5499
5635,2016-07-30 03:45:03,5499
5636,2016-07-30 04:00:02,5500
5637,2016-07-30 04:15:02,5499
5638,2016-07-30 04:30:02,5498
5639,2016-07-30 04:45:02,5497
5640,2016-07-30 05:00:02,5497
5641,2016-07-30 05:15:02,5499
5642,2016-07-30 05:30:02,5497
5643,2016-07-30 05:45:02,5499
5644,2016-07-30 06:00:03,5497
5645,2016-07-30 06:15:02,5496
5646,2016-07-30 06:30:03,5493
5647,2016-07-30 06:45:02,5488
5648,2016-07-30 07:00:03,5479
5649,2016-07-30 07:15:02,5466
5650,2016-07-30 07:30:02,5447
5651,2016-07-30 07:45:03,5424
5652,2016-07-30 08:00:03,5398
5653,2016-07-30 08:15:02,5366
5654,2016-07-30 08:30:02,5324
5655,2016-07-30 08:45:02,5298
5656,2016-07-30 09:00:03,5249
5657,2016-07-30 09:15:02,5195
5658,2016-07-30 09:30:02,5148
5659,2016-07-30 09:45:02,5073
5660,2016-07-30 10:00:02,4969
5661,2016-07-30 10:15:02,4821
5662,2016-07-30 10:30:02,4711
5663,2016-07-30 10:45:02,4565
5664,2016-07-30 11:00:03,4455
5665,2016-07-30 11:15:03,4321
5666,2016-07-30 11:30:02,4185
5667,2016-07-30 11:45:02,4104
5668,2016-07-30 12:00:02,4014
5669,2016-07-30 12:15:03,3948
5670,2016-07-30 12:30:02,3890
5671,2016-07-30 12:45:03,3792
5672,2016-07-30 13:00:02,3742
5673,2016-07-30 13:15:02,3693
5674,2016-07-30 13:30:02,3629
5675,2016-07-30 13:45:02,3598
5676,2016-07-30 14:00:02,3548
5677,2016-07-30 14:15:02,3505
5678,2016-07-30 14:30:02,3482
5679,2016-07-30 14:45:03,3447
5680,2016-07-30 15:00:02,3403
5681,2016-07-30 15:15:02,3403
5682,2016-07-30 15:30:02,3395
5683,2016-07-30 15:45:02,3349
5684,2016-07-30 16:00:03,3369
5685,2016-07-30 16:15:02,3395
5686,2016-07-30 16:30:02,3395
5687,2016-07-30 16:45:02,3395
5688,2016-07-30 17:00:03,3408
5689,2016-07-30 17:15:02,3428
5690,2016-07-30 17:30:02,3472
5691,2016-07-30 17:45:02,3488
5692,2016-07-30 18:00:03,3511
5693,2016-07-30 18:15:02,3546
5694,2016-07-30 18:30:02,3549
5695,2016-07-30 18:45:02,3570
5696,2016-07-30 19:00:02,3600
5697,2016-07-30 19:15:02,3611
5698,2016-07-30 19:30:03,3609
5699,2016-07-30 19:45:02,3602
5700,2016-07-30 20:00:02,3589
5701,2016-07-30 20:15:02,3560
5702,2016-07-30 20:30:02,3556
5703,2016-07-30 20:45:03,3605
5704,2016-07-30 21:00:03,3642
5705,2016-07-30 21:15:02,3760
5706,2016-07-30 21:30:02,3929
5707,2016-07-30 21:45:02,4094
5708,2016-07-30 22:00:02,4344
5709,2016-07-30 22:15:02,4701
5710,2016-07-30 22:30:02,4931
5711,2016-07-30 22:45:02,5039
5712,2016-07-30 23:00:02,5075
5713,2016-07-30 23:15:02,5121
5714,2016-07-30 23:30:02,5156
5715,2016-07-30 23:45:02,5197
5716,2016-07-31 00:00:03,5248
5717,2016-07-31 00:15:02,5335
5718,2016-07-31 00:30:02,5349
5719,2016-07-31 00:45:03,5359
5720,2016-07-31 01:00:02,5362
5721,2016-07-31 01:15:02,5365
5722,2016-07-31 01:30:02,5373
5723,2016-07-31 01:45:02,5384
5724,2016-07-31 02:00:03,5417
5725,2016-07-31 02:15:02,5419
5726,2016-07-31 02:30:03,5420
5727,2016-07-31 02:45:02,5422
5728,2016-07-31 03:00:02,5419
5729,2016-07-31 03:15:03,5420
5730,2016-07-31 03:30:02,5421
5731,2016-07-31 03:45:02,5421
5732,2016-07-31 04:00:02,5421
5733,2016-07-31 04:15:02,5421
5734,2016-07-31 04:30:02,5421
5735,2016-07-31 04:45:02,5421
5736,2016-07-31 05:00:02,5421
5737,2016-07-31 05:15:02,5420
5738,2016-07-31 05:30:03,5420
5739,2016-07-31 05:45:02,5420
5740,2016-07-31 06:00:02,5418
5741,2016-07-31 06:15:02,5416
5742,2016-07-31 06:30:03,5411
5743,2016-07-31 06:45:02,5403
5744,2016-07-31 07:00:03,5396
5745,2016-07-31 07:15:03,5387
5746,2016-07-31 07:30:02,5380
5747,2016-07-31 07:45:03,5366
5748,2016-07-31 08:00:02,5343
5749,2016-07-31 08:15:02,5333
5750,2016-07-31 08:30:03,5315
5751,2016-07-31 08:45:03,5304
5752,2016-07-31 09:00:02,5283
5753,2016-07-31 09:15:02,5254
5754,2016-07-31 09:30:03,5216
5755,2016-07-31 09:45:02,5137
5756,2016-07-31 10:00:02,5031
5757,2016-07-31 10:15:03,4905
5758,2016-07-31 10:30:02,4772
5759,2016-07-31 10:45:02,4625
5760,2016-07-31 11:00:03,4485
5761,2016-07-31 11:15:03,4297
5762,2016-07-31 11:30:02,4150
5763,2016-07-31 11:45:02,3986
5764,2016-07-31 12:00:02,3844
5765,2016-07-31 12:15:02,3713
5766,2016-07-31 12:30:03,3668
5767,2016-07-31 12:45:02,3589
5768,2016-07-31 13:00:02,3486
5769,2016-07-31 13:15:02,3399
5770,2016-07-31 13:30:02,3313
5771,2016-07-31 13:45:02,3307
5772,2016-07-31 14:00:02,3248
5773,2016-07-31 14:15:02,3133
5774,2016-07-31 14:30:02,3145
5775,2016-07-31 14:45:02,3148
5776,2016-07-31 15:00:02,3101
5777,2016-07-31 15:15:02,3055
5778,2016-07-31 15:30:02,2990
5779,2016-07-31 15:45:02,2974
5780,2016-07-31 16:00:02,2962
5781,2016-07-31 16:15:02,2996
5782,2016-07-31 16:30:02,2997
5783,2016-07-31 16:45:02,3028
5784,2016-07-31 17:00:02,3094
5785,2016-07-31 17:15:02,3166
5786,2016-07-31 17:30:02,3246
5787,2016-07-31 17:45:02,3310
5788,2016-07-31 18:00:03,3336
5789,2016-07-31 18:15:03,3369
5790,2016-07-31 18:30:02,3433
5791,2016-07-31 18:45:02,3475
5792,2016-07-31 19:00:03,3512
5793,2016-07-31 19:15:02,3575
5794,2016-07-31 19:30:02,3603
5795,2016-07-31 19:45:02,3632
5796,2016-07-31 20:00:03,3689
5797,2016-07-31 20:15:02,3747
5798,2016-07-31 20:30:02,3827
5799,2016-07-31 20:45:02,3862
5800,2016-07-31 21:00:02,3963
5801,2016-07-31 21:15:02,4107
5802,2016-07-31 21:30:02,4287
5803,2016-07-31 21:45:02,4464
5804,2016-07-31 22:00:02,4669
5805,2016-07-31 22:15:03,4926
5806,2016-07-31 22:30:02,5102
5807,2016-07-31 22:45:02,5163
5808,2016-07-31 23:00:02,5209
5809,2016-07-31 23:15:02,5225
5810,2016-07-31 23:30:02,5262
5811,2016-07-31 23:45:02,5275
